[{"model": "admin.logentry", "pk": 1, "fields": {"action_time": "2021-08-03T09:58:21.450Z", "user": 1, "content_type": 7, "object_id": "1", "object_repr": "Computer and Laptops", "action_flag": 1, "change_message": "[{\"added\": {}}]"}}, {"model": "admin.logentry", "pk": 2, "fields": {"action_time": "2021-08-03T09:58:30.829Z", "user": 1, "content_type": 7, "object_id": "2", "object_repr": "Cameras and Photos", "action_flag": 1, "change_message": "[{\"added\": {}}]"}}, {"model": "admin.logentry", "pk": 3, "fields": {"action_time": "2021-08-03T09:58:38.945Z", "user": 1, "content_type": 7, "object_id": "3", "object_repr": "Hardware", "action_flag": 1, "change_message": "[{\"added\": {}}]"}}, {"model": "admin.logentry", "pk": 4, "fields": {"action_time": "2021-08-03T09:59:01.969Z", "user": 1, "content_type": 7, "object_id": "4", "object_repr": "smartphones and Tablets", "action_flag": 1, "change_message": "[{\"added\": {}}]"}}, {"model": "admin.logentry", "pk": 5, "fields": {"action_time": "2021-08-03T09:59:11.450Z", "user": 1, "content_type": 7, "object_id": "5", "object_repr": "TV and Audio", "action_flag": 1, "change_message": "[{\"added\": {}}]"}}, {"model": "admin.logentry", "pk": 6, "fields": {"action_time": "2021-08-03T09:59:18.352Z", "user": 1, "content_type": 7, "object_id": "6", "object_repr": "Gadgets", "action_flag": 1, "change_message": "[{\"added\": {}}]"}}, {"model": "admin.logentry", "pk": 7, "fields": {"action_time": "2021-08-03T09:59:27.137Z", "user": 1, "content_type": 7, "object_id": "7", "object_repr": "car Electronics", "action_flag": 1, "change_message": "[{\"added\": {}}]"}}, {"model": "admin.logentry", "pk": 8, "fields": {"action_time": "2021-08-03T09:59:45.800Z", "user": 1, "content_type": 7, "object_id": "8", "object_repr": "Video and and consoles", "action_flag": 1, "change_message": "[{\"added\": {}}]"}}, {"model": "admin.logentry", "pk": 9, "fields": {"action_time": "2021-08-03T10:00:23.137Z", "user": 1, "content_type": 7, "object_id": "9", "object_repr": "Accessories", "action_flag": 1, "change_message": "[{\"added\": {}}]"}}, {"model": "admin.logentry", "pk": 10, "fields": {"action_time": "2021-08-03T12:24:22.961Z", "user": 1, "content_type": 8, "object_id": "3", "object_repr": "HP 15 Thin & Light 15.6\" (39.62cms) FHD Laptop (11th Gen Intel Core i5-1135G7, 8GB DDR4, 256GB SSD + 1TB HDD, Win 10 Home, MS Office, 2GB MX350", "action_flag": 3, "change_message": ""}}, {"model": "admin.logentry", "pk": 11, "fields": {"action_time": "2021-08-03T12:24:22.990Z", "user": 1, "content_type": 8, "object_id": "2", "object_repr": "Dell Inspiron 5408 14 inch (35.56 cms) FHD 5000 Series Laptop (10th Gen i5-1035G1/8 GB/512 SSD/2 Gb NVIDIA MX 330 Graphics/Win 10 + MS Office/Pebble", "action_flag": 3, "change_message": ""}}, {"model": "admin.logentry", "pk": 12, "fields": {"action_time": "2021-08-03T12:24:23.017Z", "user": 1, "content_type": 8, "object_id": "1", "object_repr": "Acer Aspire 5 A514-54 (NX.A2ASI.003) Core i5 11th Gen Windows 10 Home Thin and Light Laptop (8GB RAM, 512GB SSD, Intel Iris Xe Graphics, MS Office,", "action_flag": 3, "change_message": ""}}, {"model": "admin.logentry", "pk": 13, "fields": {"action_time": "2021-08-03T12:27:24.175Z", "user": 1, "content_type": 8, "object_id": "6", "object_repr": "Lenovo IdeaPad Slim 3 15IIL05 (81WE014DIN) Core i3 10th Gen Windows 10 Home Laptop (4GB RAM, 1TB HDD, Intel UHD Graphics, MS Office, 39.62cm, Platinum", "action_flag": 3, "change_message": ""}}, {"model": "admin.logentry", "pk": 14, "fields": {"action_time": "2021-08-03T12:27:24.204Z", "user": 1, "content_type": 8, "object_id": "5", "object_repr": "Lenovo V15 AMD Ryzen 5 15.6\"(39.62cms) FHD Thin and Light Laptop (8GB/1TB HDD/Windows 10/AMD Radeon Vega 8 Graphics/Iron Grey/1.85Kg), 82C7003PIH", "action_flag": 3, "change_message": ""}}, {"model": "admin.logentry", "pk": 15, "fields": {"action_time": "2021-08-03T12:27:24.218Z", "user": 1, "content_type": 8, "object_id": "4", "object_repr": "Acer Aspire 5 A514-54 (NX.A2ASI.003) Core i5 11th Gen Windows 10 Home Thin and Light Laptop (8GB RAM, 512GB SSD, Intel Iris Xe Graphics, MS Office,", "action_flag": 3, "change_message": ""}}, {"model": "admin.logentry", "pk": 16, "fields": {"action_time": "2021-08-03T12:32:27.310Z", "user": 1, "content_type": 8, "object_id": "9", "object_repr": "Dell Inspiron 15 3505 Full Hd Laptop Fhd, 15.6 Inch - Amd Ryzen 5 3450u, 12gb Ddr4 Ram, 512gb Ssd, Amd Radeon Vega 8 Graphics, Windows Laptop 10 - Bla", "action_flag": 3, "change_message": ""}}, {"model": "admin.logentry", "pk": 17, "fields": {"action_time": "2021-08-03T12:32:27.340Z", "user": 1, "content_type": 8, "object_id": "8", "object_repr": "Dell Inspiron 5408 14 inch (35.56 cms) FHD 5000 Series Laptop (10th Gen i5-1035G1/8 GB/512 SSD/2 Gb NVIDIA MX 330 Graphics/Win 10 + MS Office/Pebble", "action_flag": 3, "change_message": ""}}, {"model": "admin.logentry", "pk": 18, "fields": {"action_time": "2021-08-03T12:32:27.366Z", "user": 1, "content_type": 8, "object_id": "7", "object_repr": "Acer Aspire 5 A514-54 (NX.A2ASI.003) Core i5 11th Gen Windows 10 Home Thin and Light Laptop (8GB RAM, 512GB SSD, Intel Iris Xe Graphics, MS Office,", "action_flag": 3, "change_message": ""}}, {"model": "admin.logentry", "pk": 19, "fields": {"action_time": "2021-08-03T12:33:20.638Z", "user": 1, "content_type": 8, "object_id": "12", "object_repr": "Asus Gaming Laptop ROG Strix G17 i7-10750H/ RTX2060-6GB/ 8G+8G/ 512G SSD+512G SSD (RAID 0)/ 17.3 FHD-144hz/ RGB Backlit-4 Zone/ WIFI6/ 66Wh/ WIN10/", "action_flag": 3, "change_message": ""}}, {"model": "admin.logentry", "pk": 20, "fields": {"action_time": "2021-08-03T12:33:20.667Z", "user": 1, "content_type": 8, "object_id": "11", "object_repr": "Lenovo V15 AMD Ryzen 5 15.6\"(39.62cms) FHD Thin and Light Laptop (8GB/1TB HDD/Windows 10/AMD Radeon Vega 8 Graphics/Iron Grey/1.85Kg), 82C7003PIH", "action_flag": 3, "change_message": ""}}, {"model": "admin.logentry", "pk": 21, "fields": {"action_time": "2021-08-03T12:33:20.694Z", "user": 1, "content_type": 8, "object_id": "10", "object_repr": "Acer Aspire 5 A514-54 (NX.A2ASI.003) Core i5 11th Gen Windows 10 Home Thin and Light Laptop (8GB RAM, 512GB SSD, Intel Iris Xe Graphics, MS Office,", "action_flag": 3, "change_message": ""}}, {"model": "admin.logentry", "pk": 22, "fields": {"action_time": "2021-08-03T12:35:39.871Z", "user": 1, "content_type": 8, "object_id": "15", "object_repr": "HP 15 Thin & Light 15.6\" (39.62cms) FHD Laptop (11th Gen Intel Core i5-1135G7, 8GB DDR4, 256GB SSD + 1TB HDD, Win 10 Home, MS Office, 2GB MX350", "action_flag": 3, "change_message": ""}}, {"model": "admin.logentry", "pk": 23, "fields": {"action_time": "2021-08-03T12:35:39.900Z", "user": 1, "content_type": 8, "object_id": "14", "object_repr": "Dell Inspiron 5408 14 inch (35.56 cms) FHD 5000 Series Laptop (10th Gen i5-1035G1/8 GB/512 SSD/2 Gb NVIDIA MX 330 Graphics/Win 10 + MS Office/Pebble", "action_flag": 3, "change_message": ""}}, {"model": "admin.logentry", "pk": 24, "fields": {"action_time": "2021-08-03T12:35:39.927Z", "user": 1, "content_type": 8, "object_id": "13", "object_repr": "Acer Aspire 5 A514-54 (NX.A2ASI.003) Core i5 11th Gen Windows 10 Home Thin and Light Laptop (8GB RAM, 512GB SSD, Intel Iris Xe Graphics, MS Office,", "action_flag": 3, "change_message": ""}}, {"model": "admin.logentry", "pk": 25, "fields": {"action_time": "2021-08-03T12:38:11.471Z", "user": 1, "content_type": 8, "object_id": "28", "object_repr": "MI 4X ELA4303IN-L50M5-5AIN 50 (125.7cm) 4K HDR Smart Andriod TV", "action_flag": 3, "change_message": ""}}, {"model": "admin.logentry", "pk": 26, "fields": {"action_time": "2021-08-03T12:38:11.500Z", "user": 1, "content_type": 8, "object_id": "27", "object_repr": "OnePlus 9R 5G (Carbon Black, 8GB RAM, 128GB Storage)", "action_flag": 3, "change_message": ""}}, {"model": "admin.logentry", "pk": 27, "fields": {"action_time": "2021-08-03T12:38:11.528Z", "user": 1, "content_type": 8, "object_id": "26", "object_repr": "Oppo A31 (Fantasy White, 6GB RAM, 128GB Storage) with No Cost EMI/Additional Exchange Offers", "action_flag": 3, "change_message": ""}}, {"model": "admin.logentry", "pk": 28, "fields": {"action_time": "2021-08-03T12:38:11.554Z", "user": 1, "content_type": 8, "object_id": "25", "object_repr": "Samsung Galaxy M31 (Space Black, 6GB RAM, 128GB Storage)", "action_flag": 3, "change_message": ""}}, {"model": "admin.logentry", "pk": 29, "fields": {"action_time": "2021-08-03T12:38:11.568Z", "user": 1, "content_type": 8, "object_id": "24", "object_repr": "HASTHIP Traditional Antique Brass Cupboard Cabinet Drawer Door Pull Handle, 175mm, Brown", "action_flag": 3, "change_message": ""}}, {"model": "admin.logentry", "pk": 30, "fields": {"action_time": "2021-08-03T12:38:11.582Z", "user": 1, "content_type": 8, "object_id": "23", "object_repr": "Europa H647 Key Main Door Lock (Multicolour, Stainless Steel Finish)", "action_flag": 3, "change_message": ""}}, {"model": "admin.logentry", "pk": 31, "fields": {"action_time": "2021-08-03T12:38:11.590Z", "user": 1, "content_type": 8, "object_id": "22", "object_repr": "Nixnine Stainless Steel Door Security Latch Lock for Home, Bathroom, Kitchen, Office,Tower Bolt 4 Inch Pack of 2", "action_flag": 3, "change_message": ""}}, {"model": "admin.logentry", "pk": 32, "fields": {"action_time": "2021-08-03T12:38:11.603Z", "user": 1, "content_type": 8, "object_id": "21", "object_repr": "Canon EOS 1500D 24.1 Digital SLR Camera (Black) with EF S18-55 is II Lens", "action_flag": 3, "change_message": ""}}, {"model": "admin.logentry", "pk": 33, "fields": {"action_time": "2021-08-03T12:38:11.618Z", "user": 1, "content_type": 8, "object_id": "20", "object_repr": "Canon EOS 200D II 24.1MP Digital SLR Camera + EF-S 18-55mm f4 is STM Lens (Black)", "action_flag": 3, "change_message": ""}}, {"model": "admin.logentry", "pk": 34, "fields": {"action_time": "2021-08-03T12:38:11.631Z", "user": 1, "content_type": 8, "object_id": "19", "object_repr": "Canon PowerShot SX540HS 20.3MP Digital Camera with 50x Optical Zoom (Black)", "action_flag": 3, "change_message": ""}}, {"model": "admin.logentry", "pk": 35, "fields": {"action_time": "2021-08-03T12:38:11.644Z", "user": 1, "content_type": 8, "object_id": "18", "object_repr": "HP 15 Thin & Light 15.6\" (39.62cms) FHD Laptop (11th Gen Intel Core i5-1135G7, 8GB DDR4, 256GB SSD + 1TB HDD, Win 10 Home, MS Office, 2GB MX350", "action_flag": 3, "change_message": ""}}, {"model": "admin.logentry", "pk": 36, "fields": {"action_time": "2021-08-03T12:38:11.658Z", "user": 1, "content_type": 8, "object_id": "17", "object_repr": "Dell Inspiron 5408 14 inch (35.56 cms) FHD 5000 Series Laptop (10th Gen i5-1035G1/8 GB/512 SSD/2 Gb NVIDIA MX 330 Graphics/Win 10 + MS Office/Pebble", "action_flag": 3, "change_message": ""}}, {"model": "admin.logentry", "pk": 37, "fields": {"action_time": "2021-08-03T12:38:11.672Z", "user": 1, "content_type": 8, "object_id": "16", "object_repr": "Acer Aspire 5 A514-54 (NX.A2ASI.003) Core i5 11th Gen Windows 10 Home Thin and Light Laptop (8GB RAM, 512GB SSD, Intel Iris Xe Graphics, MS Office,", "action_flag": 3, "change_message": ""}}, {"model": "admin.logentry", "pk": 38, "fields": {"action_time": "2021-08-04T07:59:37.721Z", "user": 1, "content_type": 8, "object_id": "31", "object_repr": "HP ENVY x360 Convertible 13-bd0063TU (2W3W5PA#ACJ) Core i7 11th Gen Windows 10 Home 2-in-1 Laptop (16GB RAM, 512GB SSD, Intel Iris Xe Graphics, MS", "action_flag": 3, "change_message": ""}}, {"model": "admin.logentry", "pk": 39, "fields": {"action_time": "2021-08-04T07:59:37.735Z", "user": 1, "content_type": 8, "object_id": "30", "object_repr": "HP 15 Thin & Light 15.6\" (39.62cms) FHD Laptop (11th Gen Intel Core i5-1135G7, 8GB DDR4, 256GB SSD + 1TB HDD, Win 10 Home, MS Office, 2GB MX350", "action_flag": 3, "change_message": ""}}, {"model": "admin.logentry", "pk": 40, "fields": {"action_time": "2021-08-04T07:59:37.749Z", "user": 1, "content_type": 8, "object_id": "29", "object_repr": "Acer Aspire 5 A514-54 (NX.A2ASI.003) Core i5 11th Gen Windows 10 Home Thin and Light Laptop (8GB RAM, 512GB SSD, Intel Iris Xe Graphics, MS Office,", "action_flag": 3, "change_message": ""}}, {"model": "admin.logentry", "pk": 41, "fields": {"action_time": "2021-08-04T08:02:50.682Z", "user": 1, "content_type": 8, "object_id": "56", "object_repr": "AmazonBasics Carrying Case for PlayStation VR Headset and Accessories, Black", "action_flag": 3, "change_message": ""}}, {"model": "admin.logentry", "pk": 42, "fields": {"action_time": "2021-08-04T08:02:50.697Z", "user": 1, "content_type": 8, "object_id": "55", "object_repr": "Neutral Scrunchies- I - Set of 3 | Hair Drama Company", "action_flag": 3, "change_message": ""}}, {"model": "admin.logentry", "pk": 43, "fields": {"action_time": "2021-08-04T08:02:50.711Z", "user": 1, "content_type": 8, "object_id": "54", "object_repr": "Sony Play Station 2 Ps2 Complete Set (Pre-Owned)", "action_flag": 3, "change_message": ""}}, {"model": "admin.logentry", "pk": 44, "fields": {"action_time": "2021-08-04T08:02:50.725Z", "user": 1, "content_type": 8, "object_id": "53", "object_repr": "Sony PS4 1TB Slim Console Bundled with Spider-Man/Grand Tourist Sport/ Ratchet & Clank (3 Months PlayStation Network Subscription)", "action_flag": 3, "change_message": ""}}, {"model": "admin.logentry", "pk": 45, "fields": {"action_time": "2021-08-04T08:02:50.739Z", "user": 1, "content_type": 8, "object_id": "52", "object_repr": "Sony Playstation 5 Ps5 Console Complete Set (Imported)", "action_flag": 3, "change_message": ""}}, {"model": "admin.logentry", "pk": 46, "fields": {"action_time": "2021-08-04T08:02:50.752Z", "user": 1, "content_type": 8, "object_id": "51", "object_repr": "Pioneer MVH-S219BT Car USB Stereos USB/BT/AUX/Radio (Black)", "action_flag": 3, "change_message": ""}}, {"model": "admin.logentry", "pk": 47, "fields": {"action_time": "2021-08-04T08:02:50.765Z", "user": 1, "content_type": 8, "object_id": "50", "object_repr": "Dulcet DC-3030X High Power Single Din MP3 Car Stereo with Big LED Display/Bluetooth/USB/FM/AUX/MMC/Remote Control and 3.5mm Premium AUX Cable", "action_flag": 3, "change_message": ""}}, {"model": "admin.logentry", "pk": 48, "fields": {"action_time": "2021-08-04T08:02:50.779Z", "user": 1, "content_type": 8, "object_id": "49", "object_repr": "Sony XAV-AX3000 AV Receiver with Android Auto and Apple Car Play (Black)", "action_flag": 3, "change_message": ""}}, {"model": "admin.logentry", "pk": 49, "fields": {"action_time": "2021-08-04T08:02:50.792Z", "user": 1, "content_type": 8, "object_id": "48", "object_repr": "Gadget Wagon 17-32\" Mounts - Gas Strut Dual Desktop TV/Monitors - Dual Mount Gas Spring", "action_flag": 3, "change_message": ""}}, {"model": "admin.logentry", "pk": 50, "fields": {"action_time": "2021-08-04T08:02:50.805Z", "user": 1, "content_type": 8, "object_id": "47", "object_repr": "Yantralay School Of Gadgets 4-Way Helmet Chin Mount with 3M Curved & Flat Adhesive,J Hook Mount Sticker for Hero 9/8/7/6/5/4, Osmo, SJCAM,Yi & Other", "action_flag": 3, "change_message": ""}}, {"model": "admin.logentry", "pk": 51, "fields": {"action_time": "2021-08-04T08:02:50.818Z", "user": 1, "content_type": 8, "object_id": "46", "object_repr": "RUDRA Electronic LCD Writing Tablet for Kids Writing Pad Board 8.5 Inch Slate New Gadgets Gift for Kids (Multi Color)", "action_flag": 3, "change_message": ""}}, {"model": "admin.logentry", "pk": 52, "fields": {"action_time": "2021-08-04T08:02:50.832Z", "user": 1, "content_type": 8, "object_id": "45", "object_repr": "Samsung 108 cm (43 inches) 4K Ultra HD Smart LED TV UA43TU8570UXXL (Black) (2020 Model)", "action_flag": 3, "change_message": ""}}, {"model": "admin.logentry", "pk": 53, "fields": {"action_time": "2021-08-04T08:02:50.849Z", "user": 1, "content_type": 8, "object_id": "44", "object_repr": "IFFALCON 109.22 cm (43 inch) Full HD LED Smart TV, 43F2A (Android 8.0, Dolby Decoder Technology for Enhance Audio-Quality)", "action_flag": 3, "change_message": ""}}, {"model": "admin.logentry", "pk": 54, "fields": {"action_time": "2021-08-04T08:02:50.864Z", "user": 1, "content_type": 8, "object_id": "43", "object_repr": "2m 07cm (82\") Q800T 8K Smart QLED TV", "action_flag": 3, "change_message": ""}}, {"model": "admin.logentry", "pk": 55, "fields": {"action_time": "2021-08-04T08:02:50.876Z", "user": 1, "content_type": 8, "object_id": "42", "object_repr": "Oppo A31 (Fantasy White, 6GB RAM, 128GB Storage)", "action_flag": 3, "change_message": ""}}, {"model": "admin.logentry", "pk": 56, "fields": {"action_time": "2021-08-04T08:02:50.890Z", "user": 1, "content_type": 8, "object_id": "41", "object_repr": "Samsung Galaxy M12 |6GB RAM |128GB |Blue | 8nm Exynos Processor | 90Hz Refresh Rate", "action_flag": 3, "change_message": ""}}, {"model": "admin.logentry", "pk": 57, "fields": {"action_time": "2021-08-04T08:02:50.903Z", "user": 1, "content_type": 8, "object_id": "40", "object_repr": "Oppo A31 (Fantasy White, 6GB RAM, 128GB Storage) with No Cost EMI/Additional Exchange Offers", "action_flag": 3, "change_message": ""}}, {"model": "admin.logentry", "pk": 58, "fields": {"action_time": "2021-08-04T08:02:50.916Z", "user": 1, "content_type": 8, "object_id": "39", "object_repr": "Life Vision Half Round Style Zaylo (aluminium Body With Steel Rods And Knob) Tower Bolts 4 Inch S.s. Finish Pack Of 2 Pcs. Latches Not Available", "action_flag": 3, "change_message": ""}}, {"model": "admin.logentry", "pk": 59, "fields": {"action_time": "2021-08-04T08:02:50.925Z", "user": 1, "content_type": 8, "object_id": "38", "object_repr": "RAB Door Kit 10\" Inch Stainless Steel (1-Aldrop, 1-Latch, 2-Handle, 1-Tower Bolt, 1-Door Stopper, Size:- 2MM, Code:- 2Line)", "action_flag": 3, "change_message": ""}}, {"model": "admin.logentry", "pk": 60, "fields": {"action_time": "2021-08-04T08:02:50.939Z", "user": 1, "content_type": 8, "object_id": "37", "object_repr": "GoPro HERO9 Black — Waterproof Action Camera with Touch Screen 5K Ultra HD Video 20MP Photos 1080p Live Streaming Stabilization, Dual Screen,", "action_flag": 3, "change_message": ""}}, {"model": "admin.logentry", "pk": 61, "fields": {"action_time": "2021-08-04T08:02:50.952Z", "user": 1, "content_type": 8, "object_id": "36", "object_repr": "GoPro Hero 9 Black 5k Video 20MP Streaming Action Camera", "action_flag": 3, "change_message": ""}}, {"model": "admin.logentry", "pk": 62, "fields": {"action_time": "2021-08-04T08:02:50.966Z", "user": 1, "content_type": 8, "object_id": "35", "object_repr": "Canon PowerShot SX540HS 20.3MP Digital Camera with 50x Optical Zoom (Black)", "action_flag": 3, "change_message": ""}}, {"model": "admin.logentry", "pk": 63, "fields": {"action_time": "2021-08-04T08:02:50.980Z", "user": 1, "content_type": 8, "object_id": "34", "object_repr": "HP Pavilion x360 14-dw1039TU (2R2H6PA#ACJ) Core i5 11th Gen Windows 10 Home 2-in-1 Laptop (8GB RAM, 512GB SSD, Intel Iris Xe Graphics, MS Office,", "action_flag": 3, "change_message": ""}}, {"model": "admin.logentry", "pk": 64, "fields": {"action_time": "2021-08-04T08:02:50.995Z", "user": 1, "content_type": 8, "object_id": "33", "object_repr": "ASUS ZenBook 14 (2020) Intel Core i7-1165G7 11th Gen 14\" (35.56cms) FHD T&L Laptop (16GB RAM/512GB NVMe SSD/Windows 10/MS Office 2019/Intel Iris Xáμ", "action_flag": 3, "change_message": ""}}, {"model": "admin.logentry", "pk": 65, "fields": {"action_time": "2021-08-04T08:02:51.012Z", "user": 1, "content_type": 8, "object_id": "32", "object_repr": "Acer Aspire 5 A514-54 (NX.A2ASI.003) Core i5 11th Gen Windows 10 Home Thin and Light Laptop (8GB RAM, 512GB SSD, Intel Iris Xe Graphics, MS Office,", "action_flag": 3, "change_message": ""}}, {"model": "admin.logentry", "pk": 66, "fields": {"action_time": "2021-08-04T08:05:37.226Z", "user": 1, "content_type": 8, "object_id": "77", "object_repr": "Oppo A31 (Fantasy White, 6GB RAM, 128GB Storage)", "action_flag": 3, "change_message": ""}}, {"model": "admin.logentry", "pk": 67, "fields": {"action_time": "2021-08-04T08:05:37.241Z", "user": 1, "content_type": 8, "object_id": "76", "object_repr": "Sansui 109 cm (43 inch) Ultra HD (4K) LED Smart TV, Prime Series JSW43ASUHD", "action_flag": 3, "change_message": ""}}, {"model": "admin.logentry", "pk": 68, "fields": {"action_time": "2021-08-04T08:05:37.256Z", "user": 1, "content_type": 8, "object_id": "75", "object_repr": "Samsung 108 cm (43 inches) 4K Ultra HD Smart LED TV UA43TU8570UXXL (Black) (2020 Model)", "action_flag": 3, "change_message": ""}}, {"model": "admin.logentry", "pk": 69, "fields": {"action_time": "2021-08-04T08:05:37.269Z", "user": 1, "content_type": 8, "object_id": "74", "object_repr": "Samsung Galaxy M12 |6GB RAM |128GB |Blue | 8nm Exynos Processor | 90Hz Refresh Rate", "action_flag": 3, "change_message": ""}}, {"model": "admin.logentry", "pk": 70, "fields": {"action_time": "2021-08-04T08:05:37.284Z", "user": 1, "content_type": 8, "object_id": "73", "object_repr": "HP 15 Thin & Light 15.6\" (39.62cms) FHD Laptop (11th Gen Intel Core i5-1135G7, 8GB DDR4, 256GB SSD + 1TB HDD, Win 10 Home, MS Office, 2GB MX350", "action_flag": 3, "change_message": ""}}, {"model": "admin.logentry", "pk": 71, "fields": {"action_time": "2021-08-04T08:05:37.298Z", "user": 1, "content_type": 8, "object_id": "72", "object_repr": "GoPro HERO9 Black — Waterproof Action Camera with Touch Screen 5K Ultra HD Video 20MP Photos 1080p Live Streaming Stabilization, Dual Screen,", "action_flag": 3, "change_message": ""}}, {"model": "admin.logentry", "pk": 72, "fields": {"action_time": "2021-08-04T08:05:37.312Z", "user": 1, "content_type": 8, "object_id": "71", "object_repr": "Oppo A31 (Fantasy White, 6GB RAM, 128GB Storage) with No Cost EMI/Additional Exchange Offers", "action_flag": 3, "change_message": ""}}, {"model": "admin.logentry", "pk": 73, "fields": {"action_time": "2021-08-04T08:05:37.325Z", "user": 1, "content_type": 8, "object_id": "70", "object_repr": "Auto Snap 9 Inch Android Screen Full HD Touch Screen Double Din Player Android 10.1 Gorilla Glass IPS Display Car Stereo with (2GB/16GB)GPS/Wi-Fi", "action_flag": 3, "change_message": ""}}, {"model": "admin.logentry", "pk": 74, "fields": {"action_time": "2021-08-04T08:05:37.340Z", "user": 1, "content_type": 8, "object_id": "69", "object_repr": "Yantralay School Of Gadgets 4-Way Helmet Chin Mount with 3M Curved & Flat Adhesive,J Hook Mount Sticker for Hero 9/8/7/6/5/4, Osmo, SJCAM,Yi & Other", "action_flag": 3, "change_message": ""}}, {"model": "admin.logentry", "pk": 75, "fields": {"action_time": "2021-08-04T08:05:37.353Z", "user": 1, "content_type": 8, "object_id": "68", "object_repr": "ASUS ZenBook 14 (2020) Intel Core i7-1165G7 11th Gen 14\" (35.56cms) FHD T&L Laptop (16GB RAM/512GB NVMe SSD/Windows 10/MS Office 2019/Intel Iris Xáμ", "action_flag": 3, "change_message": ""}}, {"model": "admin.logentry", "pk": 76, "fields": {"action_time": "2021-08-04T08:05:37.367Z", "user": 1, "content_type": 8, "object_id": "67", "object_repr": "GoPro Hero 9 Black 5k Video 20MP Streaming Action Camera", "action_flag": 3, "change_message": ""}}, {"model": "admin.logentry", "pk": 77, "fields": {"action_time": "2021-08-04T08:05:37.380Z", "user": 1, "content_type": 8, "object_id": "66", "object_repr": "Acer Aspire 5 A514-54 (NX.A2ASI.003) Core i5 11th Gen Windows 10 Home Thin and Light Laptop (8GB RAM, 512GB SSD, Intel Iris Xe Graphics, MS Office,", "action_flag": 3, "change_message": ""}}, {"model": "admin.logentry", "pk": 78, "fields": {"action_time": "2021-08-04T08:05:37.393Z", "user": 1, "content_type": 8, "object_id": "65", "object_repr": "RUDRA Electronic LCD Writing Tablet for Kids Writing Pad Board 8.5 Inch Slate New Gadgets Gift for Kids (Multi Color)", "action_flag": 3, "change_message": ""}}, {"model": "admin.logentry", "pk": 79, "fields": {"action_time": "2021-08-04T08:05:37.407Z", "user": 1, "content_type": 8, "object_id": "64", "object_repr": "2m 07cm (82\") Q800T 8K Smart QLED TV", "action_flag": 3, "change_message": ""}}, {"model": "admin.logentry", "pk": 80, "fields": {"action_time": "2021-08-04T08:05:37.420Z", "user": 1, "content_type": 8, "object_id": "63", "object_repr": "Sony XAV-AX3000 AV Receiver with Android Auto and Apple Car Play (Black)", "action_flag": 3, "change_message": ""}}, {"model": "admin.logentry", "pk": 81, "fields": {"action_time": "2021-08-04T08:05:37.434Z", "user": 1, "content_type": 8, "object_id": "62", "object_repr": "Canon PowerShot SX540HS 20.3MP Digital Camera with 50x Optical Zoom (Black)", "action_flag": 3, "change_message": ""}}, {"model": "admin.logentry", "pk": 82, "fields": {"action_time": "2021-08-04T08:05:37.448Z", "user": 1, "content_type": 8, "object_id": "61", "object_repr": "XERGY Solar Lights Outdoor Waterproof Dancing Fire Mashaal Flame Torch Lights 96 LED Lantern Landscape Decoration Lighting Dusk to Dawn Auto On/Off", "action_flag": 3, "change_message": ""}}, {"model": "admin.logentry", "pk": 83, "fields": {"action_time": "2021-08-04T08:05:37.463Z", "user": 1, "content_type": 8, "object_id": "60", "object_repr": "Cave 9 Inch HD 1080 Android 9 Touch Screen Double Din Stereo Player 9 Gorilla Glass IPS Display with T3 Solution Car Stereo with GPS/Wi-Fi", "action_flag": 3, "change_message": ""}}, {"model": "admin.logentry", "pk": 84, "fields": {"action_time": "2021-08-04T08:05:37.477Z", "user": 1, "content_type": 8, "object_id": "59", "object_repr": "Sony Play Station 2 Ps2 Complete Set (Pre-Owned)", "action_flag": 3, "change_message": ""}}, {"model": "admin.logentry", "pk": 85, "fields": {"action_time": "2021-08-04T08:05:37.484Z", "user": 1, "content_type": 8, "object_id": "58", "object_repr": "Sony Playstation 5 Ps5 Console Complete Set (Imported)", "action_flag": 3, "change_message": ""}}, {"model": "admin.logentry", "pk": 86, "fields": {"action_time": "2021-08-04T08:05:37.498Z", "user": 1, "content_type": 8, "object_id": "57", "object_repr": "Sony PS4 1TB Slim Console Bundled with Spider-Man/Grand Tourist Sport/ Ratchet & Clank (3 Months PlayStation Network Subscription)", "action_flag": 3, "change_message": ""}}, {"model": "admin.logentry", "pk": 87, "fields": {"action_time": "2021-08-04T08:09:23.904Z", "user": 1, "content_type": 8, "object_id": "100", "object_repr": "Neutral Scrunchies- I - Set of 3 | Hair Drama Company", "action_flag": 3, "change_message": ""}}, {"model": "admin.logentry", "pk": 88, "fields": {"action_time": "2021-08-04T08:09:23.920Z", "user": 1, "content_type": 8, "object_id": "99", "object_repr": "AmazonBasics Carrying Case for PlayStation VR Headset and Accessories, Black", "action_flag": 3, "change_message": ""}}, {"model": "admin.logentry", "pk": 89, "fields": {"action_time": "2021-08-04T08:09:23.934Z", "user": 1, "content_type": 8, "object_id": "98", "object_repr": "Sony Play Station 2 Ps2 Complete Set (Pre-Owned)", "action_flag": 3, "change_message": ""}}, {"model": "admin.logentry", "pk": 90, "fields": {"action_time": "2021-08-04T08:09:23.947Z", "user": 1, "content_type": 8, "object_id": "97", "object_repr": "Sony Playstation 5 Ps5 Console Complete Set (Imported)", "action_flag": 3, "change_message": ""}}, {"model": "admin.logentry", "pk": 91, "fields": {"action_time": "2021-08-04T08:09:23.960Z", "user": 1, "content_type": 8, "object_id": "96", "object_repr": "Sony PS4 1TB Slim Console Bundled with Spider-Man/Grand Tourist Sport/ Ratchet & Clank (3 Months PlayStation Network Subscription)", "action_flag": 3, "change_message": ""}}, {"model": "admin.logentry", "pk": 92, "fields": {"action_time": "2021-08-04T08:09:23.973Z", "user": 1, "content_type": 8, "object_id": "95", "object_repr": "Pioneer MVH-S219BT Car USB Stereos USB/BT/AUX/Radio (Black)", "action_flag": 3, "change_message": ""}}, {"model": "admin.logentry", "pk": 93, "fields": {"action_time": "2021-08-04T08:09:23.986Z", "user": 1, "content_type": 8, "object_id": "94", "object_repr": "Dulcet DC-3030X High Power Single Din MP3 Car Stereo with Big LED Display/Bluetooth/USB/FM/AUX/MMC/Remote Control and 3.5mm Premium AUX Cable", "action_flag": 3, "change_message": ""}}, {"model": "admin.logentry", "pk": 94, "fields": {"action_time": "2021-08-04T08:09:24.000Z", "user": 1, "content_type": 8, "object_id": "93", "object_repr": "Sony XAV-AX3000 AV Receiver with Android Auto and Apple Car Play (Black)", "action_flag": 3, "change_message": ""}}, {"model": "admin.logentry", "pk": 95, "fields": {"action_time": "2021-08-04T08:09:24.013Z", "user": 1, "content_type": 8, "object_id": "92", "object_repr": "Yantralay School Of Gadgets 4-Way Helmet Chin Mount with 3M Curved & Flat Adhesive,J Hook Mount Sticker for Hero 9/8/7/6/5/4, Osmo, SJCAM,Yi & Other", "action_flag": 3, "change_message": ""}}, {"model": "admin.logentry", "pk": 96, "fields": {"action_time": "2021-08-04T08:09:24.026Z", "user": 1, "content_type": 8, "object_id": "91", "object_repr": "Gadget Wagon 17-32\" Mounts - Gas Strut Dual Desktop TV/Monitors - Dual Mount Gas Spring", "action_flag": 3, "change_message": ""}}, {"model": "admin.logentry", "pk": 97, "fields": {"action_time": "2021-08-04T08:09:24.039Z", "user": 1, "content_type": 8, "object_id": "90", "object_repr": "RUDRA Electronic LCD Writing Tablet for Kids Writing Pad Board 8.5 Inch Slate New Gadgets Gift for Kids (Multi Color)", "action_flag": 3, "change_message": ""}}, {"model": "admin.logentry", "pk": 98, "fields": {"action_time": "2021-08-04T08:09:24.053Z", "user": 1, "content_type": 8, "object_id": "89", "object_repr": "IFFALCON 109.22 cm (43 inch) Full HD LED Smart TV, 43F2A (Android 8.0, Dolby Decoder Technology for Enhance Audio-Quality)", "action_flag": 3, "change_message": ""}}, {"model": "admin.logentry", "pk": 99, "fields": {"action_time": "2021-08-04T08:09:24.066Z", "user": 1, "content_type": 8, "object_id": "88", "object_repr": "Kodak 108 cm (43 inches) 4K Ultra HD Smart LED TV 43CA2022 (Black) (2021 Model) | With Dolby Digital Plus & DTS Tru Surround", "action_flag": 3, "change_message": ""}}, {"model": "admin.logentry", "pk": 100, "fields": {"action_time": "2021-08-04T08:09:24.081Z", "user": 1, "content_type": 8, "object_id": "87", "object_repr": "2m 07cm (82\") Q800T 8K Smart QLED TV", "action_flag": 3, "change_message": ""}}, {"model": "admin.logentry", "pk": 101, "fields": {"action_time": "2021-08-04T08:09:24.093Z", "user": 1, "content_type": 8, "object_id": "86", "object_repr": "OnePlus 9R 5G (Carbon Black, 8GB RAM, 128GB Storage)", "action_flag": 3, "change_message": ""}}, {"model": "admin.logentry", "pk": 102, "fields": {"action_time": "2021-08-04T08:09:24.106Z", "user": 1, "content_type": 8, "object_id": "85", "object_repr": "Oppo A31 (Fantasy White, 6GB RAM, 128GB Storage)", "action_flag": 3, "change_message": ""}}, {"model": "admin.logentry", "pk": 103, "fields": {"action_time": "2021-08-04T08:09:24.121Z", "user": 1, "content_type": 8, "object_id": "84", "object_repr": "Oppo A31 (Fantasy White, 6GB RAM, 128GB Storage) with No Cost EMI/Additional Exchange Offers", "action_flag": 3, "change_message": ""}}, {"model": "admin.logentry", "pk": 104, "fields": {"action_time": "2021-08-04T08:09:24.135Z", "user": 1, "content_type": 8, "object_id": "83", "object_repr": "GoPro HERO9 Black — Waterproof Action Camera with Touch Screen 5K Ultra HD Video 20MP Photos 1080p Live Streaming Stabilization, Dual Screen,", "action_flag": 3, "change_message": ""}}, {"model": "admin.logentry", "pk": 105, "fields": {"action_time": "2021-08-04T08:09:24.150Z", "user": 1, "content_type": 8, "object_id": "82", "object_repr": "GoPro Hero 9 Black 5k Video 20MP Streaming Action Camera", "action_flag": 3, "change_message": ""}}, {"model": "admin.logentry", "pk": 106, "fields": {"action_time": "2021-08-04T08:09:24.167Z", "user": 1, "content_type": 8, "object_id": "81", "object_repr": "Canon PowerShot SX540HS 20.3MP Digital Camera with 50x Optical Zoom (Black)", "action_flag": 3, "change_message": ""}}, {"model": "admin.logentry", "pk": 107, "fields": {"action_time": "2021-08-04T08:09:24.192Z", "user": 1, "content_type": 8, "object_id": "80", "object_repr": "ASUS ZenBook 14 (2020) Intel Core i7-1165G7 11th Gen 14\" (35.56cms) FHD T&L Laptop (16GB RAM/512GB NVMe SSD/Windows 10/MS Office 2019/Intel Iris Xáμ", "action_flag": 3, "change_message": ""}}, {"model": "admin.logentry", "pk": 108, "fields": {"action_time": "2021-08-04T08:09:24.206Z", "user": 1, "content_type": 8, "object_id": "79", "object_repr": "HP 15 Thin & Light 15.6\" (39.62cms) FHD Laptop (11th Gen Intel Core i5-1135G7, 8GB DDR4, 256GB SSD + 1TB HDD, Win 10 Home, MS Office, 2GB MX350", "action_flag": 3, "change_message": ""}}, {"model": "admin.logentry", "pk": 109, "fields": {"action_time": "2021-08-04T08:09:24.219Z", "user": 1, "content_type": 8, "object_id": "78", "object_repr": "Acer Aspire 5 A514-54 (NX.A2ASI.003) Core i5 11th Gen Windows 10 Home Thin and Light Laptop (8GB RAM, 512GB SSD, Intel Iris Xe Graphics, MS Office,", "action_flag": 3, "change_message": ""}}, {"model": "admin.logentry", "pk": 110, "fields": {"action_time": "2021-08-04T08:12:35.729Z", "user": 1, "content_type": 8, "object_id": "123", "object_repr": "Sony Play Station 2 Ps2 Complete Set (Pre-Owned)", "action_flag": 3, "change_message": ""}}, {"model": "admin.logentry", "pk": 111, "fields": {"action_time": "2021-08-04T08:12:35.744Z", "user": 1, "content_type": 8, "object_id": "122", "object_repr": "Sony Playstation 5 Ps5 Console Complete Set (Imported)", "action_flag": 3, "change_message": ""}}, {"model": "admin.logentry", "pk": 112, "fields": {"action_time": "2021-08-04T08:12:35.759Z", "user": 1, "content_type": 8, "object_id": "121", "object_repr": "Sony PS4 1TB Slim Console Bundled with Spider-Man/Grand Tourist Sport/ Ratchet & Clank (3 Months PlayStation Network Subscription)", "action_flag": 3, "change_message": ""}}, {"model": "admin.logentry", "pk": 113, "fields": {"action_time": "2021-08-04T08:12:35.772Z", "user": 1, "content_type": 8, "object_id": "120", "object_repr": "Dulcet DC-A-4003 Double IC High Power Universal Fit Mp3 Car Stereo with Bluetooth/USB/FM/AUX/MMC/Remote & Built-in Equalizer with Bass & Treble", "action_flag": 3, "change_message": ""}}, {"model": "admin.logentry", "pk": 114, "fields": {"action_time": "2021-08-04T08:12:35.779Z", "user": 1, "content_type": 8, "object_id": "119", "object_repr": "Sony XAV-AX3000 AV Receiver with Android Auto and Apple Car Play (Black)", "action_flag": 3, "change_message": ""}}, {"model": "admin.logentry", "pk": 115, "fields": {"action_time": "2021-08-04T08:12:35.795Z", "user": 1, "content_type": 8, "object_id": "118", "object_repr": "Cave 9 Inch HD 1080 Android 9 Touch Screen Double Din Stereo Player 9 Gorilla Glass IPS Display with T3 Solution Car Stereo with GPS/Wi-Fi", "action_flag": 3, "change_message": ""}}, {"model": "admin.logentry", "pk": 116, "fields": {"action_time": "2021-08-04T08:12:35.808Z", "user": 1, "content_type": 8, "object_id": "117", "object_repr": "ASTHA ENTERPRISE LCD Writing Tablet for Kids Writing Pad Board 8.5 Inch Slate New Gadgets Gift for Kids (Multi Color)", "action_flag": 3, "change_message": ""}}, {"model": "admin.logentry", "pk": 117, "fields": {"action_time": "2021-08-04T08:12:35.822Z", "user": 1, "content_type": 8, "object_id": "116", "object_repr": "RUDRA Electronic LCD Writing Tablet for Kids Writing Pad Board 8.5 Inch Slate New Gadgets Gift for Kids (Multi Color)", "action_flag": 3, "change_message": ""}}, {"model": "admin.logentry", "pk": 118, "fields": {"action_time": "2021-08-04T08:12:35.836Z", "user": 1, "content_type": 8, "object_id": "115", "object_repr": "XERGY Solar Lights Outdoor Waterproof Dancing Fire Mashaal Flame Torch Lights 96 LED Lantern Landscape Decoration Lighting Dusk to Dawn Auto On/Off", "action_flag": 3, "change_message": ""}}, {"model": "admin.logentry", "pk": 119, "fields": {"action_time": "2021-08-04T08:12:35.849Z", "user": 1, "content_type": 8, "object_id": "114", "object_repr": "Mi 4a 100 Cm 40 Inch Full Hd Led Smart Android Tv", "action_flag": 3, "change_message": ""}}, {"model": "admin.logentry", "pk": 120, "fields": {"action_time": "2021-08-04T08:12:35.861Z", "user": 1, "content_type": 8, "object_id": "113", "object_repr": "Mi 4a Pro 108 Cm 43 Inch Full Hd Led Smart Android Tv", "action_flag": 3, "change_message": ""}}, {"model": "admin.logentry", "pk": 121, "fields": {"action_time": "2021-08-04T08:12:35.875Z", "user": 1, "content_type": 8, "object_id": "112", "object_repr": "Mi 4a Pro 80 Cm 32 Inch Hd Ready Led Smart Android Tv", "action_flag": 3, "change_message": ""}}, {"model": "admin.logentry", "pk": 122, "fields": {"action_time": "2021-08-04T08:12:35.888Z", "user": 1, "content_type": 8, "object_id": "111", "object_repr": "Oppo A31 (Fantasy White, 6GB RAM, 128GB Storage)", "action_flag": 3, "change_message": ""}}, {"model": "admin.logentry", "pk": 123, "fields": {"action_time": "2021-08-04T08:12:35.901Z", "user": 1, "content_type": 8, "object_id": "110", "object_repr": "Samsung Galaxy M12 |6GB RAM |128GB |Blue | 8nm Exynos Processor | 90Hz Refresh Rate", "action_flag": 3, "change_message": ""}}, {"model": "admin.logentry", "pk": 124, "fields": {"action_time": "2021-08-04T08:12:35.915Z", "user": 1, "content_type": 8, "object_id": "109", "object_repr": "Oppo A31 (Fantasy White, 6GB RAM, 128GB Storage) with No Cost EMI/Additional Exchange Offers", "action_flag": 3, "change_message": ""}}, {"model": "admin.logentry", "pk": 125, "fields": {"action_time": "2021-08-04T08:12:35.928Z", "user": 1, "content_type": 8, "object_id": "108", "object_repr": "Volo Self Adhesive Square Felt Pads Non Skid Floor Protector Furniture Sofa Furniture Chair Balance Pad Noise Insulation Floor Bumper Color: Black", "action_flag": 3, "change_message": ""}}, {"model": "admin.logentry", "pk": 126, "fields": {"action_time": "2021-08-04T08:12:35.942Z", "user": 1, "content_type": 8, "object_id": "107", "object_repr": "Mapex Tornado 5-Piece Drum Kit With Hardware and Cymbals - Wine Red", "action_flag": 3, "change_message": ""}}, {"model": "admin.logentry", "pk": 127, "fields": {"action_time": "2021-08-04T08:12:35.955Z", "user": 1, "content_type": 8, "object_id": "106", "object_repr": "GoPro HERO9 Black — Waterproof Action Camera with Touch Screen 5K Ultra HD Video 20MP Photos 1080p Live Streaming Stabilization, Dual Screen,", "action_flag": 3, "change_message": ""}}, {"model": "admin.logentry", "pk": 128, "fields": {"action_time": "2021-08-04T08:12:35.968Z", "user": 1, "content_type": 8, "object_id": "105", "object_repr": "GoPro Hero 9 Black 5k Video 20MP Streaming Action Camera", "action_flag": 3, "change_message": ""}}, {"model": "admin.logentry", "pk": 129, "fields": {"action_time": "2021-08-04T08:12:35.982Z", "user": 1, "content_type": 8, "object_id": "104", "object_repr": "Canon PowerShot SX540HS 20.3MP Digital Camera with 50x Optical Zoom (Black)", "action_flag": 3, "change_message": ""}}, {"model": "admin.logentry", "pk": 130, "fields": {"action_time": "2021-08-04T08:12:35.995Z", "user": 1, "content_type": 8, "object_id": "103", "object_repr": "HP Pavilion x360 14-dh1178tu (231T0PA#ACJ) Core i3 10th Gen Windows 10 Home 2-in-1 Laptop (8GB RAM, 512GB SSD, Intel UHD Graphics, 35.56 cm, Mineral", "action_flag": 3, "change_message": ""}}, {"model": "admin.logentry", "pk": 131, "fields": {"action_time": "2021-08-04T08:12:36.008Z", "user": 1, "content_type": 8, "object_id": "102", "object_repr": "ASUS ZenBook 14 (2020) Intel Core i7-1165G7 11th Gen 14\" (35.56cms) FHD T&L Laptop (16GB RAM/512GB NVMe SSD/Windows 10/MS Office 2019/Intel Iris Xáμ", "action_flag": 3, "change_message": ""}}, {"model": "admin.logentry", "pk": 132, "fields": {"action_time": "2021-08-04T08:12:36.022Z", "user": 1, "content_type": 8, "object_id": "101", "object_repr": "Acer Aspire 5 A514-54 (NX.A2ASI.003) Core i5 11th Gen Windows 10 Home Thin and Light Laptop (8GB RAM, 512GB SSD, Intel Iris Xe Graphics, MS Office,", "action_flag": 3, "change_message": ""}}, {"model": "admin.logentry", "pk": 133, "fields": {"action_time": "2021-08-04T08:12:40.722Z", "user": 1, "content_type": 8, "object_id": "125", "object_repr": "AmazonBasics Carrying Case for PlayStation VR Headset and Accessories, Black", "action_flag": 3, "change_message": ""}}, {"model": "admin.logentry", "pk": 134, "fields": {"action_time": "2021-08-04T08:12:40.737Z", "user": 1, "content_type": 8, "object_id": "124", "object_repr": "Neutral Scrunchies- I - Set of 3 | Hair Drama Company", "action_flag": 3, "change_message": ""}}, {"model": "admin.logentry", "pk": 135, "fields": {"action_time": "2021-08-04T08:14:54.341Z", "user": 1, "content_type": 8, "object_id": "148", "object_repr": "Neutral Scrunchies- I - Set of 3 | Hair Drama Company", "action_flag": 3, "change_message": ""}}, {"model": "admin.logentry", "pk": 136, "fields": {"action_time": "2021-08-04T08:14:54.356Z", "user": 1, "content_type": 8, "object_id": "147", "object_repr": "AmazonBasics Carrying Case for PlayStation VR Headset and Accessories, Black", "action_flag": 3, "change_message": ""}}, {"model": "admin.logentry", "pk": 137, "fields": {"action_time": "2021-08-04T08:14:54.371Z", "user": 1, "content_type": 8, "object_id": "146", "object_repr": "Sony Play Station 2 Ps2 Complete Set (Pre-Owned)", "action_flag": 3, "change_message": ""}}, {"model": "admin.logentry", "pk": 138, "fields": {"action_time": "2021-08-04T08:14:54.386Z", "user": 1, "content_type": 8, "object_id": "145", "object_repr": "Sony Playstation 5 Ps5 Console Complete Set (Imported)", "action_flag": 3, "change_message": ""}}, {"model": "admin.logentry", "pk": 139, "fields": {"action_time": "2021-08-04T08:14:54.393Z", "user": 1, "content_type": 8, "object_id": "144", "object_repr": "Sony PS4 1TB Slim Console Bundled with Spider-Man/Grand Tourist Sport/ Ratchet & Clank (3 Months PlayStation Network Subscription)", "action_flag": 3, "change_message": ""}}, {"model": "admin.logentry", "pk": 140, "fields": {"action_time": "2021-08-04T08:14:54.407Z", "user": 1, "content_type": 8, "object_id": "143", "object_repr": "Pioneer MVH-S219BT Car USB Stereos USB/BT/AUX/Radio (Black)", "action_flag": 3, "change_message": ""}}, {"model": "admin.logentry", "pk": 141, "fields": {"action_time": "2021-08-04T08:14:54.420Z", "user": 1, "content_type": 8, "object_id": "142", "object_repr": "Dulcet DC-3030X High Power Single Din MP3 Car Stereo with Big LED Display/Bluetooth/USB/FM/AUX/MMC/Remote Control and 3.5mm Premium AUX Cable", "action_flag": 3, "change_message": ""}}, {"model": "admin.logentry", "pk": 142, "fields": {"action_time": "2021-08-04T08:14:54.435Z", "user": 1, "content_type": 8, "object_id": "141", "object_repr": "Cave RJ-003 Car Tweeter High-Power 300 W Dome Tweeter for car Audio System, Impedance : 4 OHMS Frequency Range 6K-18KHz Sensitivity 90db/1M/1W Power", "action_flag": 3, "change_message": ""}}, {"model": "admin.logentry", "pk": 143, "fields": {"action_time": "2021-08-04T08:14:54.443Z", "user": 1, "content_type": 8, "object_id": "140", "object_repr": "Gadget Wagon 17-32\" Mounts - Gas Strut Dual Desktop TV/Monitors - Dual Mount Gas Spring", "action_flag": 3, "change_message": ""}}, {"model": "admin.logentry", "pk": 144, "fields": {"action_time": "2021-08-04T08:14:54.458Z", "user": 1, "content_type": 8, "object_id": "139", "object_repr": "Yantralay School Of Gadgets 4-Way Helmet Chin Mount with 3M Curved & Flat Adhesive,J Hook Mount Sticker for Hero 9/8/7/6/5/4, Osmo, SJCAM,Yi & Other", "action_flag": 3, "change_message": ""}}, {"model": "admin.logentry", "pk": 145, "fields": {"action_time": "2021-08-04T08:14:54.473Z", "user": 1, "content_type": 8, "object_id": "138", "object_repr": "RUDRA Electronic LCD Writing Tablet for Kids Writing Pad Board 8.5 Inch Slate New Gadgets Gift for Kids (Multi Color)", "action_flag": 3, "change_message": ""}}, {"model": "admin.logentry", "pk": 146, "fields": {"action_time": "2021-08-04T08:14:54.486Z", "user": 1, "content_type": 8, "object_id": "137", "object_repr": "Realme 108 Cm 43 Inch Full Hd Led Smart Android Tv", "action_flag": 3, "change_message": ""}}, {"model": "admin.logentry", "pk": 147, "fields": {"action_time": "2021-08-04T08:14:54.500Z", "user": 1, "content_type": 8, "object_id": "136", "object_repr": "Mi 4a 100 Cm 40 Inch Full Hd Led Smart Android Tv", "action_flag": 3, "change_message": ""}}, {"model": "admin.logentry", "pk": 148, "fields": {"action_time": "2021-08-04T08:14:54.514Z", "user": 1, "content_type": 8, "object_id": "135", "object_repr": "Mi 4a Pro 80 Cm 32 Inch Hd Ready Led Smart Android Tv", "action_flag": 3, "change_message": ""}}, {"model": "admin.logentry", "pk": 149, "fields": {"action_time": "2021-08-04T08:14:54.528Z", "user": 1, "content_type": 8, "object_id": "134", "object_repr": "OnePlus 9R 5G (Carbon Black, 8GB RAM, 128GB Storage)", "action_flag": 3, "change_message": ""}}, {"model": "admin.logentry", "pk": 150, "fields": {"action_time": "2021-08-04T08:14:54.543Z", "user": 1, "content_type": 8, "object_id": "133", "object_repr": "Samsung Galaxy M12 |6GB RAM |128GB |Blue | 8nm Exynos Processor | 90Hz Refresh Rate", "action_flag": 3, "change_message": ""}}, {"model": "admin.logentry", "pk": 151, "fields": {"action_time": "2021-08-04T08:14:54.556Z", "user": 1, "content_type": 8, "object_id": "132", "object_repr": "Oppo A31 (Fantasy White, 6GB RAM, 128GB Storage) with No Cost EMI/Additional Exchange Offers", "action_flag": 3, "change_message": ""}}, {"model": "admin.logentry", "pk": 152, "fields": {"action_time": "2021-08-04T08:14:54.570Z", "user": 1, "content_type": 8, "object_id": "131", "object_repr": "GoPro HERO9 Black — Waterproof Action Camera with Touch Screen 5K Ultra HD Video 20MP Photos 1080p Live Streaming Stabilization, Dual Screen,", "action_flag": 3, "change_message": ""}}, {"model": "admin.logentry", "pk": 153, "fields": {"action_time": "2021-08-04T08:14:54.588Z", "user": 1, "content_type": 8, "object_id": "130", "object_repr": "GoPro Hero 9 Black 5k Video 20MP Streaming Action Camera", "action_flag": 3, "change_message": ""}}, {"model": "admin.logentry", "pk": 154, "fields": {"action_time": "2021-08-04T08:14:54.603Z", "user": 1, "content_type": 8, "object_id": "129", "object_repr": "Canon PowerShot SX540HS 20.3MP Digital Camera with 50x Optical Zoom (Black)", "action_flag": 3, "change_message": ""}}, {"model": "admin.logentry", "pk": 155, "fields": {"action_time": "2021-08-04T08:14:54.621Z", "user": 1, "content_type": 8, "object_id": "128", "object_repr": "HP Pavilion x360 14-dw1039TU (2R2H6PA#ACJ) Core i5 11th Gen Windows 10 Home 2-in-1 Laptop (8GB RAM, 512GB SSD, Intel Iris Xe Graphics, MS Office,", "action_flag": 3, "change_message": ""}}, {"model": "admin.logentry", "pk": 156, "fields": {"action_time": "2021-08-04T08:14:54.638Z", "user": 1, "content_type": 8, "object_id": "127", "object_repr": "Acer Swift 3 SF313-53-532J (NX.A4KSI.001) Core i5 11th Gen Windows 10 Home Thin and Light Laptop (8GB RAM, 512GB SSD, Intel Iris Xe Graphics, MS", "action_flag": 3, "change_message": ""}}, {"model": "admin.logentry", "pk": 157, "fields": {"action_time": "2021-08-04T08:14:54.655Z", "user": 1, "content_type": 8, "object_id": "126", "object_repr": "Lenovo V15 AMD Ryzen 5 15.6\"(39.62cms) FHD Thin and Light Laptop (8GB/1TB HDD/Windows 10/AMD Radeon Vega 8 Graphics/Iron Grey/1.85Kg), 82C7003PIH", "action_flag": 3, "change_message": ""}}, {"model": "admin.logentry", "pk": 158, "fields": {"action_time": "2021-08-04T08:15:23.420Z", "user": 1, "content_type": 8, "object_id": "166", "object_repr": "Gadget Wagon 17-32\" Mounts - Gas Strut Dual Desktop TV/Monitors - Dual Mount Gas Spring", "action_flag": 3, "change_message": ""}}, {"model": "admin.logentry", "pk": 159, "fields": {"action_time": "2021-08-04T08:15:23.435Z", "user": 1, "content_type": 8, "object_id": "165", "object_repr": "Neutral Scrunchies- I - Set of 3 | Hair Drama Company", "action_flag": 3, "change_message": ""}}, {"model": "admin.logentry", "pk": 160, "fields": {"action_time": "2021-08-04T08:15:23.449Z", "user": 1, "content_type": 8, "object_id": "164", "object_repr": "RUDRA Electronic LCD Writing Tablet for Kids Writing Pad Board 8.5 Inch Slate New Gadgets Gift for Kids (Multi Color)", "action_flag": 3, "change_message": ""}}, {"model": "admin.logentry", "pk": 161, "fields": {"action_time": "2021-08-04T08:15:23.463Z", "user": 1, "content_type": 8, "object_id": "163", "object_repr": "Cave Car High Efficiency Super Tweeter", "action_flag": 3, "change_message": ""}}, {"model": "admin.logentry", "pk": 162, "fields": {"action_time": "2021-08-04T08:15:23.476Z", "user": 1, "content_type": 8, "object_id": "162", "object_repr": "AmazonBasics Carrying Case for PlayStation VR Headset and Accessories, Black", "action_flag": 3, "change_message": ""}}, {"model": "admin.logentry", "pk": 163, "fields": {"action_time": "2021-08-04T08:15:23.490Z", "user": 1, "content_type": 8, "object_id": "161", "object_repr": "Dulcet DC-3030X High Power Single Din MP3 Car Stereo with Big LED Display/Bluetooth/USB/FM/AUX/MMC/Remote Control and 3.5mm Premium AUX Cable", "action_flag": 3, "change_message": ""}}, {"model": "admin.logentry", "pk": 164, "fields": {"action_time": "2021-08-04T08:15:23.503Z", "user": 1, "content_type": 8, "object_id": "160", "object_repr": "ASUS ZenBook 14 (2020) Intel Core i7-1165G7 11th Gen 14\" (35.56cms) FHD T&L Laptop (16GB RAM/512GB NVMe SSD/Windows 10/MS Office 2019/Intel Iris Xáμ", "action_flag": 3, "change_message": ""}}, {"model": "admin.logentry", "pk": 165, "fields": {"action_time": "2021-08-04T08:15:23.516Z", "user": 1, "content_type": 8, "object_id": "159", "object_repr": "Cave RJ-003 Car Tweeter High-Power 300 W Dome Tweeter for car Audio System, Impedance : 4 OHMS Frequency Range 6K-18KHz Sensitivity 90db/1M/1W Power", "action_flag": 3, "change_message": ""}}, {"model": "admin.logentry", "pk": 166, "fields": {"action_time": "2021-08-04T08:15:23.529Z", "user": 1, "content_type": 8, "object_id": "158", "object_repr": "HP 15 Thin & Light 15.6\" (39.62cms) FHD Laptop (11th Gen Intel Core i5-1135G7, 8GB DDR4, 256GB SSD + 1TB HDD, Win 10 Home, MS Office, 2GB MX350", "action_flag": 3, "change_message": ""}}, {"model": "admin.logentry", "pk": 167, "fields": {"action_time": "2021-08-04T08:15:23.542Z", "user": 1, "content_type": 8, "object_id": "157", "object_repr": "Acer Aspire 5 A514-54 (NX.A2ASI.003) Core i5 11th Gen Windows 10 Home Thin and Light Laptop (8GB RAM, 512GB SSD, Intel Iris Xe Graphics, MS Office,", "action_flag": 3, "change_message": ""}}, {"model": "admin.logentry", "pk": 168, "fields": {"action_time": "2021-08-04T08:15:23.556Z", "user": 1, "content_type": 8, "object_id": "156", "object_repr": "Samsung 108 cm (43 inches) 4K Ultra HD Smart LED TV UA43TU8570UXXL (Black) (2020 Model)", "action_flag": 3, "change_message": ""}}, {"model": "admin.logentry", "pk": 169, "fields": {"action_time": "2021-08-04T08:15:23.569Z", "user": 1, "content_type": 8, "object_id": "155", "object_repr": "2m 07cm (82\") Q800T 8K Smart QLED TV", "action_flag": 3, "change_message": ""}}, {"model": "admin.logentry", "pk": 170, "fields": {"action_time": "2021-08-04T08:15:23.576Z", "user": 1, "content_type": 8, "object_id": "154", "object_repr": "Sony Play Station 2 Ps2 Complete Set (Pre-Owned)", "action_flag": 3, "change_message": ""}}, {"model": "admin.logentry", "pk": 171, "fields": {"action_time": "2021-08-04T08:15:23.583Z", "user": 1, "content_type": 8, "object_id": "153", "object_repr": "Sony Playstation 5 Ps5 Console Complete Set (Imported)", "action_flag": 3, "change_message": ""}}, {"model": "admin.logentry", "pk": 172, "fields": {"action_time": "2021-08-04T08:15:23.602Z", "user": 1, "content_type": 8, "object_id": "152", "object_repr": "Mi 4x 108 Cm 43 Inch Ultra Hd 4k Led Smart Android Tv", "action_flag": 3, "change_message": ""}}, {"model": "admin.logentry", "pk": 173, "fields": {"action_time": "2021-08-04T08:15:23.610Z", "user": 1, "content_type": 8, "object_id": "151", "object_repr": "OnePlus 9R 5G (Carbon Black, 8GB RAM, 128GB Storage)", "action_flag": 3, "change_message": ""}}, {"model": "admin.logentry", "pk": 174, "fields": {"action_time": "2021-08-04T08:15:23.621Z", "user": 1, "content_type": 8, "object_id": "150", "object_repr": "Sony PS4 1TB Slim Console Bundled with Spider-Man/Grand Tourist Sport/ Ratchet & Clank (3 Months PlayStation Network Subscription)", "action_flag": 3, "change_message": ""}}, {"model": "admin.logentry", "pk": 175, "fields": {"action_time": "2021-08-04T08:15:23.631Z", "user": 1, "content_type": 8, "object_id": "149", "object_repr": "Yantralay School Of Gadgets 4-Way Helmet Chin Mount with 3M Curved & Flat Adhesive,J Hook Mount Sticker for Hero 9/8/7/6/5/4, Osmo, SJCAM,Yi & Other", "action_flag": 3, "change_message": ""}}, {"model": "admin.logentry", "pk": 176, "fields": {"action_time": "2021-08-04T08:18:06.827Z", "user": 1, "content_type": 8, "object_id": "181", "object_repr": "Gadget Wagon 17-32\" Mounts - Gas Strut Dual Desktop TV/Monitors - Dual Mount Gas Spring", "action_flag": 3, "change_message": ""}}, {"model": "admin.logentry", "pk": 177, "fields": {"action_time": "2021-08-04T08:18:06.836Z", "user": 1, "content_type": 8, "object_id": "180", "object_repr": "RUDRA Electronic LCD Writing Tablet for Kids Writing Pad Board 8.5 Inch Slate New Gadgets Gift for Kids (Multi Color)", "action_flag": 3, "change_message": ""}}, {"model": "admin.logentry", "pk": 178, "fields": {"action_time": "2021-08-04T08:18:06.844Z", "user": 1, "content_type": 8, "object_id": "179", "object_repr": "XERGY Solar Lights Outdoor Waterproof Dancing Fire Mashaal Flame Torch Lights 96 LED Lantern Landscape Decoration Lighting Dusk to Dawn Auto On/Off", "action_flag": 3, "change_message": ""}}, {"model": "admin.logentry", "pk": 179, "fields": {"action_time": "2021-08-04T08:18:06.852Z", "user": 1, "content_type": 8, "object_id": "178", "object_repr": "Sansui 109 cm (43 inch) Ultra HD (4K) LED Smart TV, Prime Series JSW43ASUHD", "action_flag": 3, "change_message": ""}}, {"model": "admin.logentry", "pk": 180, "fields": {"action_time": "2021-08-04T08:18:06.859Z", "user": 1, "content_type": 8, "object_id": "177", "object_repr": "Samsung 108 cm (43 inches) 4K Ultra HD Smart LED TV UA43TU8570UXXL (Black) (2020 Model)", "action_flag": 3, "change_message": ""}}, {"model": "admin.logentry", "pk": 181, "fields": {"action_time": "2021-08-04T08:18:06.867Z", "user": 1, "content_type": 8, "object_id": "176", "object_repr": "2m 07cm (82\") Q800T 8K Smart QLED TV", "action_flag": 3, "change_message": ""}}, {"model": "admin.logentry", "pk": 182, "fields": {"action_time": "2021-08-04T08:18:06.873Z", "user": 1, "content_type": 8, "object_id": "175", "object_repr": "Oppo A31 (Fantasy White, 6GB RAM, 128GB Storage)", "action_flag": 3, "change_message": ""}}, {"model": "admin.logentry", "pk": 183, "fields": {"action_time": "2021-08-04T08:18:06.880Z", "user": 1, "content_type": 8, "object_id": "174", "object_repr": "Samsung Galaxy M12 |6GB RAM |128GB |Blue | 8nm Exynos Processor | 90Hz Refresh Rate", "action_flag": 3, "change_message": ""}}, {"model": "admin.logentry", "pk": 184, "fields": {"action_time": "2021-08-04T08:18:06.887Z", "user": 1, "content_type": 8, "object_id": "173", "object_repr": "Oppo A31 (Fantasy White, 6GB RAM, 128GB Storage) with No Cost EMI/Additional Exchange Offers", "action_flag": 3, "change_message": ""}}, {"model": "admin.logentry", "pk": 185, "fields": {"action_time": "2021-08-04T08:18:06.894Z", "user": 1, "content_type": 8, "object_id": "172", "object_repr": "GoPro HERO9 Black — Waterproof Action Camera with Touch Screen 5K Ultra HD Video 20MP Photos 1080p Live Streaming Stabilization, Dual Screen,", "action_flag": 3, "change_message": ""}}, {"model": "admin.logentry", "pk": 186, "fields": {"action_time": "2021-08-04T08:18:06.901Z", "user": 1, "content_type": 8, "object_id": "171", "object_repr": "GoPro Hero 9 Black 5k Video 20MP Streaming Action Camera", "action_flag": 3, "change_message": ""}}, {"model": "admin.logentry", "pk": 187, "fields": {"action_time": "2021-08-04T08:18:06.908Z", "user": 1, "content_type": 8, "object_id": "170", "object_repr": "Canon PowerShot SX540HS 20.3MP Digital Camera with 50x Optical Zoom (Black)", "action_flag": 3, "change_message": ""}}, {"model": "admin.logentry", "pk": 188, "fields": {"action_time": "2021-08-04T08:18:06.915Z", "user": 1, "content_type": 8, "object_id": "169", "object_repr": "HP Spectre x360 13-aw2001TU (2D9H5PA#ACJ) Core i5 11th Gen Windows 10 Home 2-in-1 Laptop (8GB RAM, 512GB SSD, Intel Iris Xe Graphics, MS Office,", "action_flag": 3, "change_message": ""}}, {"model": "admin.logentry", "pk": 189, "fields": {"action_time": "2021-08-04T08:18:06.922Z", "user": 1, "content_type": 8, "object_id": "168", "object_repr": "ASUS ZenBook 14 (2020) Intel Core i7-1165G7 11th Gen 14\" (35.56cms) FHD T&L Laptop (16GB RAM/512GB NVMe SSD/Windows 10/MS Office 2019/Intel Iris Xáμ", "action_flag": 3, "change_message": ""}}, {"model": "admin.logentry", "pk": 190, "fields": {"action_time": "2021-08-04T08:18:06.928Z", "user": 1, "content_type": 8, "object_id": "167", "object_repr": "Acer Aspire 5 A514-54 (NX.A2ASI.003) Core i5 11th Gen Windows 10 Home Thin and Light Laptop (8GB RAM, 512GB SSD, Intel Iris Xe Graphics, MS Office,", "action_flag": 3, "change_message": ""}}, {"model": "admin.logentry", "pk": 191, "fields": {"action_time": "2021-08-04T08:23:30.139Z", "user": 1, "content_type": 8, "object_id": "204", "object_repr": "Gadget Wagon 17-32\" Mounts - Gas Strut Dual Desktop TV/Monitors - Dual Mount Gas Spring", "action_flag": 3, "change_message": ""}}, {"model": "admin.logentry", "pk": 192, "fields": {"action_time": "2021-08-04T08:23:30.148Z", "user": 1, "content_type": 8, "object_id": "203", "object_repr": "Sony Play Station 2 Ps2 Complete Set (Pre-Owned)", "action_flag": 3, "change_message": ""}}, {"model": "admin.logentry", "pk": 193, "fields": {"action_time": "2021-08-04T08:23:30.155Z", "user": 1, "content_type": 8, "object_id": "202", "object_repr": "Sansui 127 cm (50 inch) Ultra HD (4K) LED Smart TV, Prime Series JSW50ASUHD", "action_flag": 3, "change_message": ""}}, {"model": "admin.logentry", "pk": 194, "fields": {"action_time": "2021-08-04T08:23:30.162Z", "user": 1, "content_type": 8, "object_id": "201", "object_repr": "Samsung Galaxy M31 (Space Black, 6GB RAM, 128GB Storage)", "action_flag": 3, "change_message": ""}}, {"model": "admin.logentry", "pk": 195, "fields": {"action_time": "2021-08-04T08:23:30.171Z", "user": 1, "content_type": 8, "object_id": "200", "object_repr": "Samsung 108 cm (43 inches) 4K Ultra HD Smart LED TV UA43TU8570UXXL (Black) (2020 Model)", "action_flag": 3, "change_message": ""}}, {"model": "admin.logentry", "pk": 196, "fields": {"action_time": "2021-08-04T08:23:30.179Z", "user": 1, "content_type": 8, "object_id": "199", "object_repr": "Samsung Galaxy M12 |6GB RAM |128GB |Blue | 8nm Exynos Processor | 90Hz Refresh Rate", "action_flag": 3, "change_message": ""}}, {"model": "admin.logentry", "pk": 197, "fields": {"action_time": "2021-08-04T08:23:30.185Z", "user": 1, "content_type": 8, "object_id": "198", "object_repr": "Oppo A31 (Fantasy White, 6GB RAM, 128GB Storage) with No Cost EMI/Additional Exchange Offers", "action_flag": 3, "change_message": ""}}, {"model": "admin.logentry", "pk": 198, "fields": {"action_time": "2021-08-04T08:23:30.193Z", "user": 1, "content_type": 8, "object_id": "197", "object_repr": "GoPro HERO9 Black — Waterproof Action Camera with Touch Screen 5K Ultra HD Video 20MP Photos 1080p Live Streaming Stabilization, Dual Screen,", "action_flag": 3, "change_message": ""}}, {"model": "admin.logentry", "pk": 199, "fields": {"action_time": "2021-08-04T08:23:30.199Z", "user": 1, "content_type": 8, "object_id": "196", "object_repr": "GoPro Hero 9 Black 5k Video 20MP Streaming Action Camera", "action_flag": 3, "change_message": ""}}, {"model": "admin.logentry", "pk": 200, "fields": {"action_time": "2021-08-04T08:23:30.206Z", "user": 1, "content_type": 8, "object_id": "195", "object_repr": "Pioneer MVH-S219BT Car USB Stereos USB/BT/AUX/Radio (Black)", "action_flag": 3, "change_message": ""}}, {"model": "admin.logentry", "pk": 201, "fields": {"action_time": "2021-08-04T08:23:30.213Z", "user": 1, "content_type": 8, "object_id": "194", "object_repr": "Yantralay School Of Gadgets 4-Way Helmet Chin Mount with 3M Curved & Flat Adhesive,J Hook Mount Sticker for Hero 9/8/7/6/5/4, Osmo, SJCAM,Yi & Other", "action_flag": 3, "change_message": ""}}, {"model": "admin.logentry", "pk": 202, "fields": {"action_time": "2021-08-04T08:23:30.220Z", "user": 1, "content_type": 8, "object_id": "193", "object_repr": "Canon PowerShot SX540HS 20.3MP Digital Camera with 50x Optical Zoom (Black)", "action_flag": 3, "change_message": ""}}, {"model": "admin.logentry", "pk": 203, "fields": {"action_time": "2021-08-04T08:23:30.229Z", "user": 1, "content_type": 8, "object_id": "192", "object_repr": "Sony Playstation 5 Ps5 Console Complete Set (Imported)", "action_flag": 3, "change_message": ""}}, {"model": "admin.logentry", "pk": 204, "fields": {"action_time": "2021-08-04T08:23:30.238Z", "user": 1, "content_type": 8, "object_id": "191", "object_repr": "Dulcet DC-3030X High Power Single Din MP3 Car Stereo with Big LED Display/Bluetooth/USB/FM/AUX/MMC/Remote Control and 3.5mm Premium AUX Cable", "action_flag": 3, "change_message": ""}}, {"model": "admin.logentry", "pk": 205, "fields": {"action_time": "2021-08-04T08:23:30.248Z", "user": 1, "content_type": 8, "object_id": "190", "object_repr": "2m 07cm (82\") Q800T 8K Smart QLED TV", "action_flag": 3, "change_message": ""}}, {"model": "admin.logentry", "pk": 206, "fields": {"action_time": "2021-08-04T08:23:30.256Z", "user": 1, "content_type": 8, "object_id": "189", "object_repr": "RUDRA Electronic LCD Writing Tablet for Kids Writing Pad Board 8.5 Inch Slate New Gadgets Gift for Kids (Multi Color)", "action_flag": 3, "change_message": ""}}, {"model": "admin.logentry", "pk": 207, "fields": {"action_time": "2021-08-04T08:23:30.266Z", "user": 1, "content_type": 8, "object_id": "188", "object_repr": "Neutral Scrunchies- I - Set of 3 | Hair Drama Company", "action_flag": 3, "change_message": ""}}, {"model": "admin.logentry", "pk": 208, "fields": {"action_time": "2021-08-04T08:23:30.275Z", "user": 1, "content_type": 8, "object_id": "187", "object_repr": "Sony PS4 1TB Slim Console Bundled with Spider-Man/Grand Tourist Sport/ Ratchet & Clank (3 Months PlayStation Network Subscription)", "action_flag": 3, "change_message": ""}}, {"model": "admin.logentry", "pk": 209, "fields": {"action_time": "2021-08-04T08:23:30.285Z", "user": 1, "content_type": 8, "object_id": "186", "object_repr": "Sony XAV-AX3000 AV Receiver with Android Auto and Apple Car Play (Black)", "action_flag": 3, "change_message": ""}}, {"model": "admin.logentry", "pk": 210, "fields": {"action_time": "2021-08-04T08:23:30.295Z", "user": 1, "content_type": 8, "object_id": "185", "object_repr": "AmazonBasics Carrying Case for PlayStation VR Headset and Accessories, Black", "action_flag": 3, "change_message": ""}}, {"model": "admin.logentry", "pk": 211, "fields": {"action_time": "2021-08-04T08:23:30.303Z", "user": 1, "content_type": 8, "object_id": "184", "object_repr": "ASUS ZenBook 14 (2020) Intel Core i7-1165G7 11th Gen 14\" (35.56cms) FHD T&L Laptop (16GB RAM/512GB NVMe SSD/Windows 10/MS Office 2019/Intel Iris Xáμ", "action_flag": 3, "change_message": ""}}, {"model": "admin.logentry", "pk": 212, "fields": {"action_time": "2021-08-04T08:23:30.313Z", "user": 1, "content_type": 8, "object_id": "183", "object_repr": "HP 15 Thin & Light 15.6\" (39.62cms) FHD Laptop (11th Gen Intel Core i5-1135G7, 8GB DDR4, 256GB SSD + 1TB HDD, Win 10 Home, MS Office, 2GB MX350", "action_flag": 3, "change_message": ""}}, {"model": "admin.logentry", "pk": 213, "fields": {"action_time": "2021-08-04T08:23:30.321Z", "user": 1, "content_type": 8, "object_id": "182", "object_repr": "Acer Aspire 5 A514-54 (NX.A2ASI.003) Core i5 11th Gen Windows 10 Home Thin and Light Laptop (8GB RAM, 512GB SSD, Intel Iris Xe Graphics, MS Office,", "action_flag": 3, "change_message": ""}}, {"model": "admin.logentry", "pk": 214, "fields": {"action_time": "2021-08-04T08:24:16.349Z", "user": 1, "content_type": 8, "object_id": "228", "object_repr": "Fujifilm X-A7 24.2 MP Mirrorless Camera with XC 15-45 mm Lens (APS-C Sensor, Large 3.5\" Vari-Angle Touchscreen, Face/Eye Auto Focus, 4K Video", "action_flag": 3, "change_message": ""}}, {"model": "admin.logentry", "pk": 215, "fields": {"action_time": "2021-08-04T08:24:16.357Z", "user": 1, "content_type": 8, "object_id": "227", "object_repr": "Sony Play Station 2 Ps2 Complete Set (Pre-Owned)", "action_flag": 3, "change_message": ""}}, {"model": "admin.logentry", "pk": 216, "fields": {"action_time": "2021-08-04T08:24:16.365Z", "user": 1, "content_type": 8, "object_id": "226", "object_repr": "Oppo A31 (Fantasy White, 6GB RAM, 128GB Storage)", "action_flag": 3, "change_message": ""}}, {"model": "admin.logentry", "pk": 217, "fields": {"action_time": "2021-08-04T08:24:16.371Z", "user": 1, "content_type": 8, "object_id": "225", "object_repr": "Realme 108 Cm 43 Inch Full Hd Led Smart Android Tv", "action_flag": 3, "change_message": ""}}, {"model": "admin.logentry", "pk": 218, "fields": {"action_time": "2021-08-04T08:24:16.379Z", "user": 1, "content_type": 8, "object_id": "224", "object_repr": "Canon EOS 200D II 24.1MP Digital SLR Camera + EF-S 18-55mm f4 is STM Lens (Black)", "action_flag": 3, "change_message": ""}}, {"model": "admin.logentry", "pk": 219, "fields": {"action_time": "2021-08-04T08:24:16.390Z", "user": 1, "content_type": 8, "object_id": "223", "object_repr": "HP Pavilion x360 14-dw1039TU (2R2H6PA#ACJ) Core i5 11th Gen Windows 10 Home 2-in-1 Laptop (8GB RAM, 512GB SSD, Intel Iris Xe Graphics, MS Office,", "action_flag": 3, "change_message": ""}}, {"model": "admin.logentry", "pk": 220, "fields": {"action_time": "2021-08-04T08:24:16.400Z", "user": 1, "content_type": 8, "object_id": "222", "object_repr": "Tech-lobby Mini Sterio Copper Circuit 12V DC Bluetooth/USB/FM/SD/AUX Mini Car Mp3 Player 1000 WATTS P.M.P.O", "action_flag": 3, "change_message": ""}}, {"model": "admin.logentry", "pk": 221, "fields": {"action_time": "2021-08-04T08:24:16.408Z", "user": 1, "content_type": 8, "object_id": "221", "object_repr": "Sony PS4 1TB Slim Console Bundled with Spider-Man/Grand Tourist Sport/ Ratchet & Clank (3 Months PlayStation Network Subscription)", "action_flag": 3, "change_message": ""}}, {"model": "admin.logentry", "pk": 222, "fields": {"action_time": "2021-08-04T08:24:16.417Z", "user": 1, "content_type": 8, "object_id": "220", "object_repr": "Mi 4a 100 Cm 40 Inch Full Hd Led Smart Android Tv", "action_flag": 3, "change_message": ""}}, {"model": "admin.logentry", "pk": 223, "fields": {"action_time": "2021-08-04T08:24:16.426Z", "user": 1, "content_type": 8, "object_id": "219", "object_repr": "Samsung Galaxy M12 |6GB RAM |128GB |Blue | 8nm Exynos Processor | 90Hz Refresh Rate", "action_flag": 3, "change_message": ""}}, {"model": "admin.logentry", "pk": 224, "fields": {"action_time": "2021-08-04T08:24:16.435Z", "user": 1, "content_type": 8, "object_id": "218", "object_repr": "Gadget Wagon 17-32\" Mounts - Gas Strut Dual Desktop TV/Monitors - Dual Mount Gas Spring", "action_flag": 3, "change_message": ""}}, {"model": "admin.logentry", "pk": 225, "fields": {"action_time": "2021-08-04T08:24:16.444Z", "user": 1, "content_type": 8, "object_id": "217", "object_repr": "Acer Aspire 5 A514-54 (NX.A2ASI.003) Core i5 11th Gen Windows 10 Home Thin and Light Laptop (8GB RAM, 512GB SSD, Intel Iris Xe Graphics, MS Office,", "action_flag": 3, "change_message": ""}}, {"model": "admin.logentry", "pk": 226, "fields": {"action_time": "2021-08-04T08:24:16.452Z", "user": 1, "content_type": 8, "object_id": "216", "object_repr": "Sony Playstation 5 Ps5 Console Complete Set (Imported)", "action_flag": 3, "change_message": ""}}, {"model": "admin.logentry", "pk": 227, "fields": {"action_time": "2021-08-04T08:24:16.461Z", "user": 1, "content_type": 8, "object_id": "215", "object_repr": "Dulcet DC-3030X High Power Single Din MP3 Car Stereo with Big LED Display/Bluetooth/USB/FM/AUX/MMC/Remote Control and 3.5mm Premium AUX Cable", "action_flag": 3, "change_message": ""}}, {"model": "admin.logentry", "pk": 228, "fields": {"action_time": "2021-08-04T08:24:16.469Z", "user": 1, "content_type": 8, "object_id": "214", "object_repr": "Mi 4a Pro 80 Cm 32 Inch Hd Ready Led Smart Android Tv", "action_flag": 3, "change_message": ""}}, {"model": "admin.logentry", "pk": 229, "fields": {"action_time": "2021-08-04T08:24:16.478Z", "user": 1, "content_type": 8, "object_id": "213", "object_repr": "Godrej Ultra XL+ Rim Deadbolt 1 CK Antique Brass", "action_flag": 3, "change_message": ""}}, {"model": "admin.logentry", "pk": 230, "fields": {"action_time": "2021-08-04T08:24:16.486Z", "user": 1, "content_type": 8, "object_id": "212", "object_repr": "RUDRA Electronic LCD Writing Tablet for Kids Writing Pad Board 8.5 Inch Slate New Gadgets Gift for Kids (Multi Color)", "action_flag": 3, "change_message": ""}}, {"model": "admin.logentry", "pk": 231, "fields": {"action_time": "2021-08-04T08:24:16.495Z", "user": 1, "content_type": 8, "object_id": "211", "object_repr": "ASUS ROG Zephyrus S17 (2020) 43.94 cm FHD 144Hz/3ms, Intel Core i7-10750H 10th Gen, RTX 2060 GDDR6 6GB Graphics, Gaming Laptop (16GB RAM/1TB SSD", "action_flag": 3, "change_message": ""}}, {"model": "admin.logentry", "pk": 232, "fields": {"action_time": "2021-08-04T08:24:16.505Z", "user": 1, "content_type": 8, "object_id": "210", "object_repr": "Oppo A31 (Fantasy White, 6GB RAM, 128GB Storage) with No Cost EMI/Additional Exchange Offers", "action_flag": 3, "change_message": ""}}, {"model": "admin.logentry", "pk": 233, "fields": {"action_time": "2021-08-04T08:24:16.514Z", "user": 1, "content_type": 8, "object_id": "209", "object_repr": "Canon PowerShot SX540HS 20.3MP Digital Camera with 50x Optical Zoom (Black)", "action_flag": 3, "change_message": ""}}, {"model": "admin.logentry", "pk": 234, "fields": {"action_time": "2021-08-04T08:24:16.523Z", "user": 1, "content_type": 8, "object_id": "208", "object_repr": "Sony XAV-AX3000 AV Receiver with Android Auto and Apple Car Play (Black)", "action_flag": 3, "change_message": ""}}, {"model": "admin.logentry", "pk": 235, "fields": {"action_time": "2021-08-04T08:24:16.531Z", "user": 1, "content_type": 8, "object_id": "207", "object_repr": "Europa Stainless Steel Feather Touch Bedroom Entrance Press Button Cylindrical Lock (Metallic)", "action_flag": 3, "change_message": ""}}, {"model": "admin.logentry", "pk": 236, "fields": {"action_time": "2021-08-04T08:24:16.540Z", "user": 1, "content_type": 8, "object_id": "206", "object_repr": "XERGY Solar Lights Outdoor Waterproof Dancing Fire Mashaal Flame Torch Lights 96 LED Lantern Landscape Decoration Lighting Dusk to Dawn Auto On/Off", "action_flag": 3, "change_message": ""}}, {"model": "admin.logentry", "pk": 237, "fields": {"action_time": "2021-08-04T08:24:16.552Z", "user": 1, "content_type": 8, "object_id": "205", "object_repr": "Nixnine Stainless Steel Door Security Latch Lock for Home, Bathroom, Kitchen, Office,Tower Bolt 4 Inch Pack of 2", "action_flag": 3, "change_message": ""}}, {"model": "admin.logentry", "pk": 238, "fields": {"action_time": "2021-08-06T05:52:30.290Z", "user": 1, "content_type": 4, "object_id": "2", "object_repr": "test", "action_flag": 1, "change_message": "[{\"added\": {}}]"}}, {"model": "admin.logentry", "pk": 239, "fields": {"action_time": "2021-08-06T05:52:35.691Z", "user": 1, "content_type": 4, "object_id": "2", "object_repr": "test", "action_flag": 2, "change_message": "[]"}}, {"model": "admin.logentry", "pk": 240, "fields": {"action_time": "2021-08-06T05:53:00.886Z", "user": 1, "content_type": 4, "object_id": "2", "object_repr": "test", "action_flag": 2, "change_message": "[{\"changed\": {\"fields\": [\"Staff status\"]}}]"}}, {"model": "admin.logentry", "pk": 241, "fields": {"action_time": "2021-08-06T06:05:54.866Z", "user": 1, "content_type": 9, "object_id": "5", "object_repr": "Samsung 108 cm  - admin", "action_flag": 3, "change_message": ""}}, {"model": "admin.logentry", "pk": 242, "fields": {"action_time": "2021-08-06T06:07:46.854Z", "user": 1, "content_type": 9, "object_id": "6", "object_repr": "Samsung 108 cm  - admin", "action_flag": 3, "change_message": ""}}, {"model": "admin.logentry", "pk": 243, "fields": {"action_time": "2021-08-06T06:07:46.862Z", "user": 1, "content_type": 9, "object_id": "4", "object_repr": "Samsung 108 cm  - test", "action_flag": 3, "change_message": ""}}, {"model": "admin.logentry", "pk": 244, "fields": {"action_time": "2021-08-06T06:07:46.876Z", "user": 1, "content_type": 9, "object_id": "3", "object_repr": "Canon EOS 200D II 24.1MP Digital SLR Camera + EF-S 18-55mm f4 is STM Lens  - test", "action_flag": 3, "change_message": ""}}, {"model": "admin.logentry", "pk": 245, "fields": {"action_time": "2021-08-06T06:07:46.885Z", "user": 1, "content_type": 9, "object_id": "2", "object_repr": "OnePlus 9R 5G  - test", "action_flag": 3, "change_message": ""}}, {"model": "admin.logentry", "pk": 246, "fields": {"action_time": "2021-08-06T06:07:46.891Z", "user": 1, "content_type": 9, "object_id": "1", "object_repr": "OnePlus 9R 5G  - admin", "action_flag": 3, "change_message": ""}}, {"model": "admin.logentry", "pk": 247, "fields": {"action_time": "2021-08-06T06:07:51.248Z", "user": 1, "content_type": 10, "object_id": "2", "object_repr": "test", "action_flag": 3, "change_message": ""}}, {"model": "admin.logentry", "pk": 248, "fields": {"action_time": "2021-08-06T06:07:51.255Z", "user": 1, "content_type": 10, "object_id": "1", "object_repr": "admin", "action_flag": 3, "change_message": ""}}, {"model": "admin.logentry", "pk": 249, "fields": {"action_time": "2021-08-06T06:09:32.096Z", "user": 1, "content_type": 10, "object_id": "3", "object_repr": "admin", "action_flag": 3, "change_message": ""}}, {"model": "admin.logentry", "pk": 250, "fields": {"action_time": "2021-08-06T11:07:18.961Z", "user": 1, "content_type": 7, "object_id": "9", "object_repr": "Accessories", "action_flag": 2, "change_message": "[{\"changed\": {\"fields\": [\"Slug\"]}}]"}}, {"model": "admin.logentry", "pk": 251, "fields": {"action_time": "2021-08-06T11:07:31.305Z", "user": 1, "content_type": 7, "object_id": "8", "object_repr": "Video and and consoles", "action_flag": 2, "change_message": "[{\"changed\": {\"fields\": [\"Slug\"]}}]"}}, {"model": "admin.logentry", "pk": 252, "fields": {"action_time": "2021-08-06T11:07:38.480Z", "user": 1, "content_type": 7, "object_id": "7", "object_repr": "car Electronics", "action_flag": 2, "change_message": "[{\"changed\": {\"fields\": [\"Slug\"]}}]"}}, {"model": "admin.logentry", "pk": 253, "fields": {"action_time": "2021-08-06T11:07:44.072Z", "user": 1, "content_type": 7, "object_id": "6", "object_repr": "Gadgets", "action_flag": 2, "change_message": "[{\"changed\": {\"fields\": [\"Slug\"]}}]"}}, {"model": "admin.logentry", "pk": 254, "fields": {"action_time": "2021-08-06T11:07:54.641Z", "user": 1, "content_type": 7, "object_id": "5", "object_repr": "TV and Audio", "action_flag": 2, "change_message": "[{\"changed\": {\"fields\": [\"Slug\"]}}]"}}, {"model": "admin.logentry", "pk": 255, "fields": {"action_time": "2021-08-06T11:08:07.808Z", "user": 1, "content_type": 7, "object_id": "4", "object_repr": "smartphones and Tablets", "action_flag": 2, "change_message": "[{\"changed\": {\"fields\": [\"Slug\"]}}]"}}, {"model": "admin.logentry", "pk": 256, "fields": {"action_time": "2021-08-06T11:08:13.352Z", "user": 1, "content_type": 7, "object_id": "3", "object_repr": "Hardware", "action_flag": 2, "change_message": "[{\"changed\": {\"fields\": [\"Slug\"]}}]"}}, {"model": "admin.logentry", "pk": 257, "fields": {"action_time": "2021-08-06T11:08:25.730Z", "user": 1, "content_type": 7, "object_id": "2", "object_repr": "Cameras and Photos", "action_flag": 2, "change_message": "[{\"changed\": {\"fields\": [\"Slug\"]}}]"}}, {"model": "admin.logentry", "pk": 258, "fields": {"action_time": "2021-08-06T11:08:54.695Z", "user": 1, "content_type": 7, "object_id": "1", "object_repr": "Computer and Laptops", "action_flag": 2, "change_message": "[{\"changed\": {\"fields\": [\"Slug\"]}}]"}}, {"model": "auth.permission", "pk": 1, "fields": {"name": "Can add log entry", "content_type": 1, "codename": "add_logentry"}}, {"model": "auth.permission", "pk": 2, "fields": {"name": "Can change log entry", "content_type": 1, "codename": "change_logentry"}}, {"model": "auth.permission", "pk": 3, "fields": {"name": "Can delete log entry", "content_type": 1, "codename": "delete_logentry"}}, {"model": "auth.permission", "pk": 4, "fields": {"name": "Can view log entry", "content_type": 1, "codename": "view_logentry"}}, {"model": "auth.permission", "pk": 5, "fields": {"name": "Can add permission", "content_type": 2, "codename": "add_permission"}}, {"model": "auth.permission", "pk": 6, "fields": {"name": "Can change permission", "content_type": 2, "codename": "change_permission"}}, {"model": "auth.permission", "pk": 7, "fields": {"name": "Can delete permission", "content_type": 2, "codename": "delete_permission"}}, {"model": "auth.permission", "pk": 8, "fields": {"name": "Can view permission", "content_type": 2, "codename": "view_permission"}}, {"model": "auth.permission", "pk": 9, "fields": {"name": "Can add group", "content_type": 3, "codename": "add_group"}}, {"model": "auth.permission", "pk": 10, "fields": {"name": "Can change group", "content_type": 3, "codename": "change_group"}}, {"model": "auth.permission", "pk": 11, "fields": {"name": "Can delete group", "content_type": 3, "codename": "delete_group"}}, {"model": "auth.permission", "pk": 12, "fields": {"name": "Can view group", "content_type": 3, "codename": "view_group"}}, {"model": "auth.permission", "pk": 13, "fields": {"name": "Can add user", "content_type": 4, "codename": "add_user"}}, {"model": "auth.permission", "pk": 14, "fields": {"name": "Can change user", "content_type": 4, "codename": "change_user"}}, {"model": "auth.permission", "pk": 15, "fields": {"name": "Can delete user", "content_type": 4, "codename": "delete_user"}}, {"model": "auth.permission", "pk": 16, "fields": {"name": "Can view user", "content_type": 4, "codename": "view_user"}}, {"model": "auth.permission", "pk": 17, "fields": {"name": "Can add content type", "content_type": 5, "codename": "add_contenttype"}}, {"model": "auth.permission", "pk": 18, "fields": {"name": "Can change content type", "content_type": 5, "codename": "change_contenttype"}}, {"model": "auth.permission", "pk": 19, "fields": {"name": "Can delete content type", "content_type": 5, "codename": "delete_contenttype"}}, {"model": "auth.permission", "pk": 20, "fields": {"name": "Can view content type", "content_type": 5, "codename": "view_contenttype"}}, {"model": "auth.permission", "pk": 21, "fields": {"name": "Can add session", "content_type": 6, "codename": "add_session"}}, {"model": "auth.permission", "pk": 22, "fields": {"name": "Can change session", "content_type": 6, "codename": "change_session"}}, {"model": "auth.permission", "pk": 23, "fields": {"name": "Can delete session", "content_type": 6, "codename": "delete_session"}}, {"model": "auth.permission", "pk": 24, "fields": {"name": "Can view session", "content_type": 6, "codename": "view_session"}}, {"model": "auth.permission", "pk": 25, "fields": {"name": "Can add category", "content_type": 7, "codename": "add_category"}}, {"model": "auth.permission", "pk": 26, "fields": {"name": "Can change category", "content_type": 7, "codename": "change_category"}}, {"model": "auth.permission", "pk": 27, "fields": {"name": "Can delete category", "content_type": 7, "codename": "delete_category"}}, {"model": "auth.permission", "pk": 28, "fields": {"name": "Can view category", "content_type": 7, "codename": "view_category"}}, {"model": "auth.permission", "pk": 29, "fields": {"name": "Can add product", "content_type": 8, "codename": "add_product"}}, {"model": "auth.permission", "pk": 30, "fields": {"name": "Can change product", "content_type": 8, "codename": "change_product"}}, {"model": "auth.permission", "pk": 31, "fields": {"name": "Can delete product", "content_type": 8, "codename": "delete_product"}}, {"model": "auth.permission", "pk": 32, "fields": {"name": "Can view product", "content_type": 8, "codename": "view_product"}}, {"model": "auth.permission", "pk": 33, "fields": {"name": "Can add product in cart", "content_type": 9, "codename": "add_productincart"}}, {"model": "auth.permission", "pk": 34, "fields": {"name": "Can change product in cart", "content_type": 9, "codename": "change_productincart"}}, {"model": "auth.permission", "pk": 35, "fields": {"name": "Can delete product in cart", "content_type": 9, "codename": "delete_productincart"}}, {"model": "auth.permission", "pk": 36, "fields": {"name": "Can view product in cart", "content_type": 9, "codename": "view_productincart"}}, {"model": "auth.permission", "pk": 37, "fields": {"name": "Can add cart", "content_type": 10, "codename": "add_cart"}}, {"model": "auth.permission", "pk": 38, "fields": {"name": "Can change cart", "content_type": 10, "codename": "change_cart"}}, {"model": "auth.permission", "pk": 39, "fields": {"name": "Can delete cart", "content_type": 10, "codename": "delete_cart"}}, {"model": "auth.permission", "pk": 40, "fields": {"name": "Can view cart", "content_type": 10, "codename": "view_cart"}}, {"model": "auth.user", "pk": 1, "fields": {"password": "pbkdf2_sha256$260000$VXtTTBGwayPinwPDYFSq9S$H665ICsCucj1ctoDuh8C1Ggkpki1SmZ1FfFeTv4ck/E=", "last_login": "2021-08-10T11:08:54.607Z", "is_superuser": true, "username": "admin", "first_name": "", "last_name": "", "email": "", "is_staff": true, "is_active": true, "date_joined": "2021-08-03T09:57:41.008Z", "groups": [], "user_permissions": []}}, {"model": "auth.user", "pk": 2, "fields": {"password": "pbkdf2_sha256$260000$6o5CmyuAlNVzSIyDrbcf6q$BqYNeiLxrtmDCKo03w4XVfGEVuIGzMG19s+uCEZJGbc=", "last_login": "2021-08-06T06:44:08.539Z", "is_superuser": false, "username": "test", "first_name": "", "last_name": "", "email": "", "is_staff": true, "is_active": true, "date_joined": "2021-08-06T05:52:30Z", "groups": [], "user_permissions": []}}, {"model": "contenttypes.contenttype", "pk": 1, "fields": {"app_label": "admin", "model": "logentry"}}, {"model": "contenttypes.contenttype", "pk": 2, "fields": {"app_label": "auth", "model": "permission"}}, {"model": "contenttypes.contenttype", "pk": 3, "fields": {"app_label": "auth", "model": "group"}}, {"model": "contenttypes.contenttype", "pk": 4, "fields": {"app_label": "auth", "model": "user"}}, {"model": "contenttypes.contenttype", "pk": 5, "fields": {"app_label": "contenttypes", "model": "contenttype"}}, {"model": "contenttypes.contenttype", "pk": 6, "fields": {"app_label": "sessions", "model": "session"}}, {"model": "contenttypes.contenttype", "pk": 7, "fields": {"app_label": "product", "model": "category"}}, {"model": "contenttypes.contenttype", "pk": 8, "fields": {"app_label": "product", "model": "product"}}, {"model": "contenttypes.contenttype", "pk": 9, "fields": {"app_label": "cart", "model": "productincart"}}, {"model": "contenttypes.contenttype", "pk": 10, "fields": {"app_label": "cart", "model": "cart"}}, {"model": "sessions.session", "pk": "6hed5l4cci8lp70pgta6akoc20x62lk5", "fields": {"session_data": ".eJxVjMsOwiAQRf-FtSFA6TC4dO83kBkeUjU0Ke3K-O_apAvd3nPOfYlA21rD1vMSpiTOQovT78YUH7ntIN2p3WYZ57YuE8tdkQft8jqn_Lwc7t9BpV6_NaDnoskkBwxYrHGmKPAcdR68S8iWIo6WjRp0BJ_Yos8WrAaFyGMW7w_Y2zdb:1mBxRY:M5tik-HaK1FUzUDjBcW0ksvM_CAosywCgoGsHg2rJqo", "expire_date": "2021-08-20T10:51:12.001Z"}}, {"model": "sessions.session", "pk": "6m8ogahqgos9fec5d0klgu1nfz8oevtp", "fields": {"session_data": ".eJxVjMsOwiAQRf-FtSFA6TC4dO83kBkeUjU0Ke3K-O_apAvd3nPOfYlA21rD1vMSpiTOQovT78YUH7ntIN2p3WYZ57YuE8tdkQft8jqn_Lwc7t9BpV6_NaDnoskkBwxYrHGmKPAcdR68S8iWIo6WjRp0BJ_Yos8WrAaFyGMW7w_Y2zdb:1mBBlR:VDMggtc8UejBogladwqKifhfAOtlpuC2oNIvoRaYrS4", "expire_date": "2021-08-18T07:56:33.428Z"}}, {"model": "sessions.session", "pk": "7cn269muoa47moc2kfkt61ocdb1254x4", "fields": {"session_data": ".eJxVjMsOwiAQRf-FtSFA6TC4dO83kBkeUjU0Ke3K-O_apAvd3nPOfYlA21rD1vMSpiTOQovT78YUH7ntIN2p3WYZ57YuE8tdkQft8jqn_Lwc7t9BpV6_NaDnoskkBwxYrHGmKPAcdR68S8iWIo6WjRp0BJ_Yos8WrAaFyGMW7w_Y2zdb:1mDPcs:gWDI2_IEwOIUNMH12X1F3nOO9zJ5TMgUWF1iWbFib90", "expire_date": "2021-08-24T11:08:54.622Z"}}, {"model": "sessions.session", "pk": "ckit2x4wlu9v1152thsal9yqiupquuih", "fields": {"session_data": ".eJxVjMsOwiAQRf-FtSFA6TC4dO83kBkeUjU0Ke3K-O_apAvd3nPOfYlA21rD1vMSpiTOQovT78YUH7ntIN2p3WYZ57YuE8tdkQft8jqn_Lwc7t9BpV6_NaDnoskkBwxYrHGmKPAcdR68S8iWIo6WjRp0BJ_Yos8WrAaFyGMW7w_Y2zdb:1mBb3L:qm6sjR8cKfmSEM2aAb56OMUve8mrFj-tXNZkPgxZAf4", "expire_date": "2021-08-19T10:56:43.358Z"}}, {"model": "sessions.session", "pk": "swecgyoa2znqyewdq99qu3nods66k75x", "fields": {"session_data": ".eJxVjMsOwiAQRf-FtSFA6TC4dO83kBkeUjU0Ke3K-O_apAvd3nPOfYlA21rD1vMSpiTOQovT78YUH7ntIN2p3WYZ57YuE8tdkQft8jqn_Lwc7t9BpV6_NaDnoskkBwxYrHGmKPAcdR68S8iWIo6WjRp0BJ_Yos8WrAaFyGMW7w_Y2zdb:1mArBI:MP2yuVA10QxmAoPB7k37BGTpAVF2TBDjYO0SiQWakts", "expire_date": "2021-08-17T09:57:52.169Z"}}, {"model": "sessions.session", "pk": "xg4bd29meu3u8cb3ovzuf82ny8ba32xx", "fields": {"session_data": ".eJxVjMsOwiAQRf-FtSFA6TC4dO83kBkeUjU0Ke3K-O_apAvd3nPOfYlA21rD1vMSpiTOQovT78YUH7ntIN2p3WYZ57YuE8tdkQft8jqn_Lwc7t9BpV6_NaDnoskkBwxYrHGmKPAcdR68S8iWIo6WjRp0BJ_Yos8WrAaFyGMW7w_Y2zdb:1mBtcB:c5pdwsRIGKx6RxEkfmIkn9uWZ5iQE1Hafq9JfqbQQEE", "expire_date": "2021-08-20T06:45:55.531Z"}}, {"model": "product.category", "pk": 1, "fields": {"name": "Computer and Laptops", "slug": "computer-and-laptops", "is_popular": false, "created_at": "2021-08-03"}}, {"model": "product.category", "pk": 2, "fields": {"name": "Cameras and Photos", "slug": "cameras-and-photos", "is_popular": false, "created_at": "2021-08-03"}}, {"model": "product.category", "pk": 3, "fields": {"name": "Hardware", "slug": "hardware", "is_popular": false, "created_at": "2021-08-03"}}, {"model": "product.category", "pk": 4, "fields": {"name": "smartphones and Tablets", "slug": "smartphones-and-tablets", "is_popular": false, "created_at": "2021-08-03"}}, {"model": "product.category", "pk": 5, "fields": {"name": "TV and Audio", "slug": "tv-and-audio", "is_popular": false, "created_at": "2021-08-03"}}, {"model": "product.category", "pk": 6, "fields": {"name": "Gadgets", "slug": "gadgets", "is_popular": false, "created_at": "2021-08-03"}}, {"model": "product.category", "pk": 7, "fields": {"name": "car Electronics", "slug": "car-electronics", "is_popular": false, "created_at": "2021-08-03"}}, {"model": "product.category", "pk": 8, "fields": {"name": "Video and and consoles", "slug": "video-and-and-consoles", "is_popular": false, "created_at": "2021-08-03"}}, {"model": "product.category", "pk": 9, "fields": {"name": "Accessories", "slug": "accessories", "is_popular": false, "created_at": "2021-08-03"}}, {"model": "product.product", "pk": 466, "fields": {"name": "AmazonBasics Carrying Case for PlayStation VR Headset and Accessories, Black", "slug": "amazonbasics-carrying-case-for-playstation-vr-headset-and-accessories-black", "category": 9, "description": "AmazonBasics Carrying Case for PlayStation VR Headset and Accessories, Black", "pic": "products/Accessories0_YOAw308.jpg", "price": "1804.00", "is_active": true, "is_discount": false, "discount": 0, "qty": 7, "created_at": "2021-08-05"}}, {"model": "product.product", "pk": 467, "fields": {"name": "Nixnine Stainless Steel Door Security Latch Lock for Home, Bathroom, Kitchen, Office,Tower Bolt 4 Inch Pack of 2", "slug": "nixnine-stainless-steel-door-security-latch-lock-for-home-bathroom-kitchen-officetower-bolt-4-inch-pack-of-2", "category": 3, "description": "Nixnine Stainless Steel Door Security Latch Lock for Home, Bathroom, Kitchen, Office,Tower Bolt 4 Inch Pack of 2", "pic": "products/Hardware0_GZUgobw.jpg", "price": "299.00", "is_active": true, "is_discount": false, "discount": 0, "qty": 9, "created_at": "2021-08-05"}}, {"model": "product.product", "pk": 468, "fields": {"name": "Philips 126 cm ", "slug": "philips-126-cm", "category": 5, "description": "Philips 126 cm (50 inches) 6600 Series 4K Ultra HD LED Smart TV 50PUT6604/94 (Black) (2020 Model)", "pic": "products/TV_and_Audio0_d3gyXci.jpg", "price": "38999.00", "is_active": true, "is_discount": false, "discount": 0, "qty": 2, "created_at": "2021-08-05"}}, {"model": "product.product", "pk": 469, "fields": {"name": "OnePlus 9R 5G ", "slug": "oneplus-9r-5g", "category": 4, "description": "OnePlus 9R 5G (Carbon Black, 8GB RAM, 128GB Storage)", "pic": "products/smartphones_and_Tablets0_DpBmHYo.jpg", "price": "39999.00", "is_active": true, "is_discount": false, "discount": 0, "qty": 10, "created_at": "2021-08-05"}}, {"model": "product.product", "pk": 470, "fields": {"name": "Sony PlayStation 2 Slim Charcoal Black Console - 64 GB - Pre Owned - PS2", "slug": "sony-playstation-2-slim-charcoal-black-console-64-gb-pre-owned-ps2", "category": 8, "description": "Sony PlayStation 2 Slim Charcoal Black Console - 64 GB - Pre Owned - PS2", "pic": "products/Video_and_and_consoles0_M0JiWeu.jpg", "price": "4899.00", "is_active": true, "is_discount": false, "discount": 0, "qty": 10, "created_at": "2021-08-05"}}, {"model": "product.product", "pk": 471, "fields": {"name": "Canon EOS 200D II 24.1MP Digital SLR Camera + EF-S 18-55mm f4 is STM Lens ", "slug": "canon-eos-200d-ii-241mp-digital-slr-camera-ef-s-18-55mm-f4-is-stm-lens", "category": 2, "description": "Canon EOS 200D II 24.1MP Digital SLR Camera + EF-S 18-55mm f4 is STM Lens (Black)", "pic": "products/Cameras_and_Photos0_VjlRzzs.jpg", "price": "47999.00", "is_active": true, "is_discount": false, "discount": 0, "qty": 10, "created_at": "2021-08-05"}}, {"model": "product.product", "pk": 472, "fields": {"name": "Voylla Bagh-E-Fiza Floral Motifs Necklace", "slug": "voylla-bagh-e-fiza-floral-motifs-necklace", "category": 9, "description": "Voylla Bagh-E-Fiza Floral Motifs Necklace", "pic": "products/Accessories1_8WKRVlf.jpg", "price": "609.00", "is_active": true, "is_discount": false, "discount": 0, "qty": 10, "created_at": "2021-08-05"}}, {"model": "product.product", "pk": 473, "fields": {"name": "Knex, Rose Mortise Handle with Lock, Matt/CP Finish, Zinc Alloy, K-3062 RB", "slug": "knex-rose-mortise-handle-with-lock-mattcp-finish-zinc-alloy-k-3062-rb", "category": 3, "description": "Knex, Rose Mortise Handle with Lock, Matt/CP Finish, Zinc Alloy, K-3062 RB", "pic": "products/Hardware1_jEy95T9.jpg", "price": "1699.00", "is_active": true, "is_discount": false, "discount": 0, "qty": 10, "created_at": "2021-08-05"}}, {"model": "product.product", "pk": 474, "fields": {"name": "\"Sony PlayStation 2 | PS2 FAT | 2 Tb | 442 Top Games Bundle – 2 Controllers | Refurbished\"", "slug": "sony-playstation-2-ps2-fat-2-tb-442-top-games-bundle-2-controllers-refurbished", "category": 8, "description": "\"Sony PlayStation 2 | PS2 FAT | 2 Tb | 442 Top Games Bundle – 2 Controllers | Refurbished\"", "pic": "products/Video_and_and_consoles1_6GsjA2e.jpg", "price": "13600.00", "is_active": true, "is_discount": false, "discount": 0, "qty": 10, "created_at": "2021-08-05"}}, {"model": "product.product", "pk": 475, "fields": {"name": "Samsung 108 cm ", "slug": "samsung-108-cm", "category": 5, "description": "Samsung 108 cm (43 Inches) Wondertainment Series Full HD LED Smart TV UA43TE50AAKXXL (Titan Gray) (2020 model)", "pic": "products/TV_and_Audio1_T8Er0Nx.jpg", "price": "31990.00", "is_active": true, "is_discount": false, "discount": 0, "qty": 10, "created_at": "2021-08-05"}}, {"model": "product.product", "pk": 476, "fields": {"name": "OnePlus 8T 5G ", "slug": "oneplus-8t-5g", "category": 4, "description": "OnePlus 8T 5G (Aquamarine Green, 8GB RAM, 128GB Storage)", "pic": "products/smartphones_and_Tablets1_HQYq1PR.jpg", "price": "38999.00", "is_active": true, "is_discount": false, "discount": 0, "qty": 10, "created_at": "2021-08-05"}}, {"model": "product.product", "pk": 477, "fields": {"name": "Fujifilm X-A7 24.2 MP Mirrorless Camera with XC 15-45 mm Lens ", "slug": "fujifilm-x-a7-242-mp-mirrorless-camera-with-xc-15-45-mm-lens", "category": 2, "description": "Fujifilm X-A7 24.2 MP Mirrorless Camera with XC 15-45 mm Lens (APS-C Sensor, Large 3.5\" Vari-Angle Touchscreen, Face/Eye Auto Focus, 4K Video", "pic": "products/Cameras_and_Photos1_qHxjvT1.jpg", "price": "45000.00", "is_active": true, "is_discount": false, "discount": 0, "qty": 10, "created_at": "2021-08-05"}}, {"model": "product.product", "pk": 478, "fields": {"name": "ASUS ZenBook 14 ", "slug": "asus-zenbook-14", "category": 1, "description": "ASUS ZenBook 14 (2020) Intel Core i5-1135G7 11th Gen 14-inch (35.56 cms) FHD T&L Laptop (8GB RAM/512GB NVMe SSD/Windows 10/MS Office 2019/Intel Iris", "pic": "products/Computer_and_Laptops0_f9HGRhN.jpg", "price": "70990.00", "is_active": true, "is_discount": false, "discount": 0, "qty": 10, "created_at": "2021-08-05"}}, {"model": "product.product", "pk": 479, "fields": {"name": "Mobspy 3.5mm Clip Microphone Youtube | Collar Mic Voice Recording | Lapel Mic Mobile, Pc, Laptop, Android Smartphones, Dslr Camera Microphone Micropho", "slug": "mobspy-35mm-clip-microphone-youtube-collar-mic-voice-recording-lapel-mic-mobile-pc-laptop-android-smartphones-dslr-camera-microphone-micropho", "category": 9, "description": "Mobspy 3.5mm Clip Microphone Youtube | Collar Mic Voice Recording | Lapel Mic Mobile, Pc, Laptop, Android Smartphones, Dslr Camera Microphone Micropho", "pic": "products/Accessories2_DKf1RSx.jpg", "price": "130.00", "is_active": true, "is_discount": false, "discount": 0, "qty": 10, "created_at": "2021-08-05"}}, {"model": "product.product", "pk": 480, "fields": {"name": "XERGY Solar Lights Outdoor Waterproof Dancing Fire Mashaal Flame Torch Lights 96 LED Lantern Landscape Decoration Lighting Dusk to Dawn Auto On/Off", "slug": "xergy-solar-lights-outdoor-waterproof-dancing-fire-mashaal-flame-torch-lights-96-led-lantern-landscape-decoration-lighting-dusk-to-dawn-auto-onoff", "category": 6, "description": "XERGY Solar Lights Outdoor Waterproof Dancing Fire Mashaal Flame Torch Lights 96 LED Lantern Landscape Decoration Lighting Dusk to Dawn Auto On/Off", "pic": "products/Gadgets0_f788reR.jpg", "price": "999.00", "is_active": true, "is_discount": false, "discount": 0, "qty": 10, "created_at": "2021-08-05"}}, {"model": "product.product", "pk": 481, "fields": {"name": "WSK Hardware Golden Glossy Finish 3 Inch Stainless Steel Heavy Model Y Design Sofa Table Furniture Leg Pack of 4 Pcs SL1162H3-004", "slug": "wsk-hardware-golden-glossy-finish-3-inch-stainless-steel-heavy-model-y-design-sofa-table-furniture-leg-pack-of-4-pcs-sl1162h3-004", "category": 3, "description": "WSK Hardware Golden Glossy Finish 3 Inch Stainless Steel Heavy Model Y Design Sofa Table Furniture Leg Pack of 4 Pcs SL1162H3-004", "pic": "products/Hardware2_xh0XvbR.jpg", "price": "1099.00", "is_active": true, "is_discount": false, "discount": 0, "qty": 10, "created_at": "2021-08-05"}}, {"model": "product.product", "pk": 482, "fields": {"name": "Cave 9 Inch HD 1080 Android 9 Touch Screen Double Din Stereo Player 9 Gorilla Glass IPS Display with T3 Solution Car Stereo with GPS/Wi-Fi", "slug": "cave-9-inch-hd-1080-android-9-touch-screen-double-din-stereo-player-9-gorilla-glass-ips-display-with-t3-solution-car-stereo-with-gpswi-fi", "category": 7, "description": "Cave 9 Inch HD 1080 Android 9 Touch Screen Double Din Stereo Player 9 Gorilla Glass IPS Display with T3 Solution Car Stereo with GPS/Wi-Fi", "pic": "products/car_Electronics0_vFKyAUC.jpg", "price": "9499.00", "is_active": true, "is_discount": false, "discount": 0, "qty": 10, "created_at": "2021-08-05"}}, {"model": "product.product", "pk": 483, "fields": {"name": "Nokia c3 nordic blue 2gb ram 16gb storage without offers", "slug": "nokia-c3-nordic-blue-2gb-ram-16gb-storage-without-offers", "category": 4, "description": "Nokia c3 nordic blue 2gb ram 16gb storage without offers", "pic": "products/smartphones_and_Tablets2_D8rcGRJ.jpg", "price": "6198.00", "is_active": true, "is_discount": false, "discount": 0, "qty": 10, "created_at": "2021-08-05"}}, {"model": "product.product", "pk": 484, "fields": {"name": "TCL 139 cm ", "slug": "tcl-139-cm", "category": 5, "description": "TCL 139 cm (55 inches) AI 4K Ultra HD Certified Android Smart LED TV 55P715 (Silver) (2020 Model) | With Remote Less Voice Control", "pic": "products/TV_and_Audio2_yn8NJFd.jpg", "price": "45990.00", "is_active": true, "is_discount": false, "discount": 0, "qty": 10, "created_at": "2021-08-05"}}, {"model": "product.product", "pk": 485, "fields": {"name": "HP Spectre x360 13-aw2001TU ", "slug": "hp-spectre-x360-13-aw2001tu", "category": 1, "description": "HP Spectre x360 13-aw2001TU (2D9H5PA#ACJ) Core i5 11th Gen Windows 10 Home 2-in-1 Laptop (8GB RAM, 512GB SSD, Intel Iris Xe Graphics, MS Office,", "pic": "products/Computer_and_Laptops1_GsPU520.jpg", "price": "114499.00", "is_active": true, "is_discount": false, "discount": 0, "qty": 10, "created_at": "2021-08-05"}}, {"model": "product.product", "pk": 486, "fields": {"name": "Nikon D5600 Digital Camera 18-55mm VR Kit ", "slug": "nikon-d5600-digital-camera-18-55mm-vr-kit", "category": 2, "description": "Nikon D5600 Digital Camera 18-55mm VR Kit (Black)", "pic": "products/Cameras_and_Photos2_97xmDE1.jpg", "price": "48939.00", "is_active": true, "is_discount": false, "discount": 0, "qty": 10, "created_at": "2021-08-05"}}, {"model": "product.product", "pk": 487, "fields": {"name": "Yellow Bee Silver-Toned Embellished Hair Accessory Set ", "slug": "yellow-bee-silver-toned-embellished-hair-accessory-set", "category": 9, "description": "Yellow Bee Silver-Toned Embellished Hair Accessory Set (Onesize)", "pic": "products/Accessories3_DGLP5Hz.jpg", "price": "399.00", "is_active": true, "is_discount": false, "discount": 0, "qty": 10, "created_at": "2021-08-05"}}, {"model": "product.product", "pk": 488, "fields": {"name": "Gadget Wagon 17-32\" Mounts - Gas Strut Dual Desktop TV/Monitors - Dual Mount Gas Spring", "slug": "gadget-wagon-17-32-mounts-gas-strut-dual-desktop-tvmonitors-dual-mount-gas-spring", "category": 6, "description": "Gadget Wagon 17-32\" Mounts - Gas Strut Dual Desktop TV/Monitors - Dual Mount Gas Spring", "pic": "products/Gadgets1_ZR5GQay.jpg", "price": "6400.00", "is_active": true, "is_discount": false, "discount": 0, "qty": 10, "created_at": "2021-08-05"}}, {"model": "product.product", "pk": 489, "fields": {"name": "BabyBaba PVP Station Light Console Handheld 3000 TV Game, Multicolour", "slug": "babybaba-pvp-station-light-console-handheld-3000-tv-game-multicolour", "category": 8, "description": "BabyBaba PVP Station Light Console Handheld 3000 TV Game, Multicolour", "pic": "products/Video_and_and_consoles2_h02TrbY.jpg", "price": "999.00", "is_active": true, "is_discount": false, "discount": 0, "qty": 10, "created_at": "2021-08-05"}}, {"model": "product.product", "pk": 490, "fields": {"name": "Europa H647 Key Main Door Lock ", "slug": "europa-h647-key-main-door-lock", "category": 3, "description": "Europa H647 Key Main Door Lock (Multicolour, Stainless Steel Finish)", "pic": "products/Hardware3_I8HpXkE.jpg", "price": "6174.00", "is_active": true, "is_discount": false, "discount": 0, "qty": 10, "created_at": "2021-08-05"}}, {"model": "product.product", "pk": 491, "fields": {"name": "Tech-lobby Mini Sterio Copper Circuit 12V DC Bluetooth/USB/FM/SD/AUX Mini Car Mp3 Player 1000 WATTS P.M.P.O", "slug": "tech-lobby-mini-sterio-copper-circuit-12v-dc-bluetoothusbfmsdaux-mini-car-mp3-player-1000-watts-pmpo", "category": 7, "description": "Tech-lobby Mini Sterio Copper Circuit 12V DC Bluetooth/USB/FM/SD/AUX Mini Car Mp3 Player 1000 WATTS P.M.P.O", "pic": "products/car_Electronics1_C1q3kok.jpg", "price": "499.00", "is_active": true, "is_discount": false, "discount": 0, "qty": 10, "created_at": "2021-08-05"}}, {"model": "product.product", "pk": 492, "fields": {"name": "Redmi 9 ", "slug": "redmi-9", "category": 4, "description": "Redmi 9 (Sporty Orange, 4GB RAM, 64GB Storage) | 2.3GHz Mediatek Helio G35 Octa core Processor", "pic": "products/smartphones_and_Tablets3_DFvxMma.jpg", "price": "8999.00", "is_active": true, "is_discount": false, "discount": 0, "qty": 10, "created_at": "2021-08-05"}}, {"model": "product.product", "pk": 493, "fields": {"name": "Women's Plastic Mini Hair Claw Rainbow Tiny Jaw Clips Cute Candy Colors Hair Beads Clips Hair Accessories ", "slug": "womens-plastic-mini-hair-claw-rainbow-tiny-jaw-clips-cute-candy-colors-hair-beads-clips-hair-accessories", "category": 9, "description": "Women's Plastic Mini Hair Claw Rainbow Tiny Jaw Clips Cute Candy Colors Hair Beads Clips Hair Accessories (Round, 50pcs, Multicolour)", "pic": "products/Accessories4_cMTr8Lj.jpg", "price": "130.00", "is_active": true, "is_discount": false, "discount": 0, "qty": 10, "created_at": "2021-08-05"}}, {"model": "product.product", "pk": 494, "fields": {"name": "Canon EOS 1500D 24.1 Digital SLR Camera ", "slug": "canon-eos-1500d-241-digital-slr-camera", "category": 2, "description": "Canon EOS 1500D 24.1 Digital SLR Camera (Black) with EF S18-55 is II Lens", "pic": "products/Cameras_and_Photos3_WKb7nJ6.jpg", "price": "31248.00", "is_active": true, "is_discount": false, "discount": 0, "qty": 10, "created_at": "2021-08-05"}}, {"model": "product.product", "pk": 495, "fields": {"name": "Nintendo Switch 32gb Console Video Games W 32gb Memory Card | Neon Redneon Blue Joy-con | 1080p Resolution | 802.11ac Wifi | Hdmi | Surround Sound | I", "slug": "nintendo-switch-32gb-console-video-games-w-32gb-memory-card-neon-redneon-blue-joy-con-1080p-resolution-80211ac-wifi-hdmi-surround-sound-i", "category": 8, "description": "Nintendo Switch 32gb Console Video Games W 32gb Memory Card | Neon Redneon Blue Joy-con | 1080p Resolution | 802.11ac Wifi | Hdmi | Surround Sound | I", "pic": "products/Video_and_and_consoles3_7e09wxH.jpg", "price": "31822.00", "is_active": true, "is_discount": false, "discount": 0, "qty": 10, "created_at": "2021-08-05"}}, {"model": "product.product", "pk": 496, "fields": {"name": "DUKE Door Lock Dyna 2-1 Heavy Main Door Lock with One Solid Hudka and Latch 6 Levers 100mm Double Action Locking with 2 Chrome Finish Keys", "slug": "duke-door-lock-dyna-2-1-heavy-main-door-lock-with-one-solid-hudka-and-latch-6-levers-100mm-double-action-locking-with-2-chrome-finish-keys", "category": 3, "description": "DUKE Door Lock Dyna 2-1 Heavy Main Door Lock with One Solid Hudka and Latch 6 Levers 100mm Double Action Locking with 2 Chrome Finish Keys", "pic": "products/Hardware4_hj7Mcto.jpg", "price": "355.00", "is_active": true, "is_discount": false, "discount": 0, "qty": 10, "created_at": "2021-08-05"}}, {"model": "product.product", "pk": 497, "fields": {"name": "CLICKFLY Electronic LCD Writing Tablet for Kids Writing Pad Board 8.5 Inch Slate New Gadgets Gift for Kids ", "slug": "clickfly-electronic-lcd-writing-tablet-for-kids-writing-pad-board-85-inch-slate-new-gadgets-gift-for-kids", "category": 6, "description": "CLICKFLY Electronic LCD Writing Tablet for Kids Writing Pad Board 8.5 Inch Slate New Gadgets Gift for Kids (Multi Color)", "pic": "products/Gadgets2_s50zO0T.jpg", "price": "365.00", "is_active": true, "is_discount": false, "discount": 0, "qty": 10, "created_at": "2021-08-05"}}, {"model": "product.product", "pk": 498, "fields": {"name": "Samsung Galaxy M21 ", "slug": "samsung-galaxy-m21", "category": 4, "description": "Samsung Galaxy M21 (Iceberg Blue, 4Gb Ram, 64Gb Storage)", "pic": "products/smartphones_and_Tablets4_67zPV83.jpg", "price": "13790.00", "is_active": true, "is_discount": false, "discount": 0, "qty": 10, "created_at": "2021-08-05"}}, {"model": "product.product", "pk": 499, "fields": {"name": "Sansui 127 cm ", "slug": "sansui-127-cm", "category": 5, "description": "Sansui 127 cm (50 inch) Ultra HD (4K) LED Smart TV, Prime Series JSW50ASUHD", "pic": "products/TV_and_Audio3_ih24cRH.jpg", "price": "36990.00", "is_active": true, "is_discount": false, "discount": 0, "qty": 10, "created_at": "2021-08-05"}}, {"model": "product.product", "pk": 500, "fields": {"name": "ERH INDIA car Stereo Tweeter 80W Auto Sound Dome for Audio System car Stereo Tweeter ", "slug": "erh-india-car-stereo-tweeter-80w-auto-sound-dome-for-audio-system-car-stereo-tweeter", "category": 7, "description": "ERH INDIA car Stereo Tweeter 80W Auto Sound Dome for Audio System car Stereo Tweeter (Black) Tweeter Car Speaker (80 W)", "pic": "products/car_Electronics2_ugLvHA0.jpg", "price": "190.00", "is_active": true, "is_discount": false, "discount": 0, "qty": 10, "created_at": "2021-08-05"}}, {"model": "product.product", "pk": 501, "fields": {"name": "Xsquare Waterproof DSLR Backpack Camera Bag, Lens Accessories Carry Case for Nikon, Canon, Olympus, Pentax & Others-Made in India", "slug": "xsquare-waterproof-dslr-backpack-camera-bag-lens-accessories-carry-case-for-nikon-canon-olympus-pentax-others-made-in-india", "category": 2, "description": "Xsquare Waterproof DSLR Backpack Camera Bag, Lens Accessories Carry Case for Nikon, Canon, Olympus, Pentax & Others-Made in India", "pic": "products/Cameras_and_Photos4_QGpVIeI.jpg", "price": "669.00", "is_active": true, "is_discount": false, "discount": 0, "qty": 10, "created_at": "2021-08-05"}}, {"model": "product.product", "pk": 502, "fields": {"name": "HP 15 ", "slug": "hp-15", "category": 1, "description": "HP 15 (2021) Thin & Light Ryzen 3-3250 Laptop, 8 GB RAM, 1TB HDD + 256GB SSD, 15.6\" (39.2 cms) FHD Screen, Windows 10, MS Office (15s-gr0012AU)", "pic": "products/Computer_and_Laptops2_T0E1dD5.jpg", "price": "42499.00", "is_active": true, "is_discount": false, "discount": 0, "qty": 10, "created_at": "2021-08-05"}}, {"model": "product.product", "pk": 503, "fields": {"name": "Sony Playstation 4 1Tb ", "slug": "sony-playstation-4-1tb", "category": 8, "description": "Sony Playstation 4 1Tb (Certified Refurbished)", "pic": "products/Video_and_and_consoles4_fyhLtXi.jpg", "price": "25990.00", "is_active": true, "is_discount": false, "discount": 0, "qty": 10, "created_at": "2021-08-05"}}, {"model": "product.product", "pk": 504, "fields": {"name": "Yantralay School Of Gadgets Protective Silicone Sleeve Case with Lanyard Compatible with Hero 8 Black Action Camera - Black", "slug": "yantralay-school-of-gadgets-protective-silicone-sleeve-case-with-lanyard-compatible-with-hero-8-black-action-camera-black", "category": 6, "description": "Yantralay School Of Gadgets Protective Silicone Sleeve Case with Lanyard Compatible with Hero 8 Black Action Camera - Black", "pic": "products/Gadgets3_8qsVqE7.jpg", "price": "184.00", "is_active": true, "is_discount": false, "discount": 0, "qty": 10, "created_at": "2021-08-05"}}, {"model": "product.product", "pk": 505, "fields": {"name": "AYW 7 INCH Double Din Car Screen Stereo Media Player Audio Video Touch Screen Stereo Full HD with MP3/MP4/MP5/USB/FM Player/WiFi/Bluetooth & Mirror", "slug": "ayw-7-inch-double-din-car-screen-stereo-media-player-audio-video-touch-screen-stereo-full-hd-with-mp3mp4mp5usbfm-playerwifibluetooth-mirror", "category": 7, "description": "AYW 7 INCH Double Din Car Screen Stereo Media Player Audio Video Touch Screen Stereo Full HD with MP3/MP4/MP5/USB/FM Player/WiFi/Bluetooth & Mirror", "pic": "products/car_Electronics3_ZCPyVIs.jpg", "price": "4399.00", "is_active": true, "is_discount": false, "discount": 0, "qty": 10, "created_at": "2021-08-05"}}, {"model": "product.product", "pk": 506, "fields": {"name": "Remote Controller for Samsung BN59-01268D TV Remote Control, Smart Digital TV Box Television Audio Voice Controller", "slug": "remote-controller-for-samsung-bn59-01268d-tv-remote-control-smart-digital-tv-box-television-audio-voice-controller", "category": 5, "description": "Remote Controller for Samsung BN59-01268D TV Remote Control, Smart Digital TV Box Television Audio Voice Controller", "pic": "products/TV_and_Audio4_DPFgmYj.jpg", "price": "229.00", "is_active": true, "is_discount": false, "discount": 0, "qty": 10, "created_at": "2021-08-05"}}, {"model": "product.product", "pk": 507, "fields": {"name": "ASTHA ENTERPRISE LCD Writing Tablet for Kids Writing Pad Board 8.5 Inch Slate New Gadgets Gift for Kids ", "slug": "astha-enterprise-lcd-writing-tablet-for-kids-writing-pad-board-85-inch-slate-new-gadgets-gift-for-kids", "category": 6, "description": "ASTHA ENTERPRISE LCD Writing Tablet for Kids Writing Pad Board 8.5 Inch Slate New Gadgets Gift for Kids (Multi Color)", "pic": "products/Gadgets4_lIzYamu.jpg", "price": "489.00", "is_active": true, "is_discount": false, "discount": 0, "qty": 10, "created_at": "2021-08-05"}}, {"model": "product.product", "pk": 508, "fields": {"name": "Cave RJ-003 Car Tweeter High-Power 300 W Dome Tweeter for car Audio System, Impedance : 4 OHMS Frequency Range 6K-18KHz Sensitivity 90db/1M/1W Power", "slug": "cave-rj-003-car-tweeter-high-power-300-w-dome-tweeter-for-car-audio-system-impedance-4-ohms-frequency-range-6k-18khz-sensitivity-90db1m1w-power", "category": 7, "description": "Cave RJ-003 Car Tweeter High-Power 300 W Dome Tweeter for car Audio System, Impedance : 4 OHMS Frequency Range 6K-18KHz Sensitivity 90db/1M/1W Power", "pic": "products/car_Electronics4_OYaG2MX.jpg", "price": "225.00", "is_active": true, "is_discount": false, "discount": 0, "qty": 10, "created_at": "2021-08-05"}}, {"model": "product.product", "pk": 509, "fields": {"name": "HP ENVY x360 Convertible 13-bd0063TU ", "slug": "hp-envy-x360-convertible-13-bd0063tu", "category": 1, "description": "HP ENVY x360 Convertible 13-bd0063TU (2W3W5PA#ACJ) Core i7 11th Gen Windows 10 Home 2-in-1 Laptop (16GB RAM, 512GB SSD, Intel Iris Xe Graphics, MS", "pic": "products/Computer_and_Laptops4_mm6OdXx.jpg", "price": "104990.00", "is_active": true, "is_discount": false, "discount": 0, "qty": 10, "created_at": "2021-08-05"}}, {"model": "product.product", "pk": 510, "fields": {"name": "EUROPA Feather Touch Press Button Cylindrical Metal Lock ", "slug": "europa-feather-touch-press-button-cylindrical-metal-lock", "category": 3, "description": "EUROPA Feather Touch Press Button Cylindrical Metal Lock (C550 Without Keys Only for Balcony) (Multicolor)", "pic": "products/Hardware0_y1Tomqs.jpg", "price": "870.00", "is_active": true, "is_discount": false, "discount": 0, "qty": 2, "created_at": "2021-09-19"}}, {"model": "product.product", "pk": 511, "fields": {"name": "Princess Furniture Wardrobe Barbies Dolls Toys Doll House Closet Toys Accessories", "slug": "princess-furniture-wardrobe-barbies-dolls-toys-doll-house-closet-toys-accessories", "category": 9, "description": "Princess Furniture Wardrobe Barbies Dolls Toys Doll House Closet Toys Accessories", "pic": "products/Accessories0_4TQmBkm.jpg", "price": "222.00", "is_active": true, "is_discount": false, "discount": 0, "qty": 2, "created_at": "2021-09-19"}}, {"model": "product.product", "pk": 512, "fields": {"name": "Europa Stainless Steel Feather Touch Bedroom Entrance Press Button Cylindrical Lock ", "slug": "europa-stainless-steel-feather-touch-bedroom-entrance-press-button-cylindrical-lock", "category": 3, "description": "Europa Stainless Steel Feather Touch Bedroom Entrance Press Button Cylindrical Lock (Metallic)", "pic": "products/Hardware0_txdRzL3.jpg", "price": "915.00", "is_active": true, "is_discount": false, "discount": 0, "qty": 2, "created_at": "2021-09-19"}}, {"model": "product.product", "pk": 513, "fields": {"name": "Dulcet DC-2020X Double IC High Power Universal Fit Car Stereo with Dual USB, Bluetooth, FM, AU, Remote Control & Built-in Equalizer by Moglix", "slug": "dulcet-dc-2020x-double-ic-high-power-universal-fit-car-stereo-with-dual-usb-bluetooth-fm-au-remote-control-built-in-equalizer-by-moglix", "category": 7, "description": "Dulcet DC-2020X Double IC High Power Universal Fit Car Stereo with Dual USB, Bluetooth, FM, AU, Remote Control & Built-in Equalizer by Moglix", "pic": "products/car_Electronics0_8QzRmeu.jpg", "price": "1059.00", "is_active": true, "is_discount": false, "discount": 0, "qty": 2, "created_at": "2021-09-19"}}, {"model": "product.product", "pk": 514, "fields": {"name": "FAST CP35 Brass Antique D Cut Cabinet Pull Door Handle for Wardrobe Cupboard Dresser Door and Drawer - 2 Pcs ", "slug": "fast-cp35-brass-antique-d-cut-cabinet-pull-door-handle-for-wardrobe-cupboard-dresser-door-and-drawer-2-pcs", "category": 3, "description": "FAST CP35 Brass Antique D Cut Cabinet Pull Door Handle for Wardrobe Cupboard Dresser Door and Drawer - 2 Pcs (96mm, Yellow, Antique Finish)", "pic": "products/Hardware1_2Epp8Y2.jpg", "price": "402.00", "is_active": true, "is_discount": false, "discount": 0, "qty": 2, "created_at": "2021-09-19"}}, {"model": "product.product", "pk": 515, "fields": {"name": "Xbox One S 1tb Console ? Minecraft Bundle Discontinued, White", "slug": "xbox-one-s-1tb-console-minecraft-bundle-discontinued-white", "category": 8, "description": "Xbox One S 1tb Console ? Minecraft Bundle Discontinued, White", "pic": "products/Video_and_and_consoles0_5YPgJgD.jpg", "price": "72074.00", "is_active": true, "is_discount": false, "discount": 0, "qty": 2, "created_at": "2021-09-19"}}, {"model": "product.product", "pk": 516, "fields": {"name": "Ftafat Girl'S Fashion Doll With Dresses Makeup And Barbie Doll Accessories, Style Wardrobe Doll Set For Girls, Doll Toy For Kids", "slug": "ftafat-girls-fashion-doll-with-dresses-makeup-and-barbie-doll-accessories-style-wardrobe-doll-set-for-girls-doll-toy-for-kids", "category": 9, "description": "Ftafat Girl'S Fashion Doll With Dresses Makeup And Barbie Doll Accessories, Style Wardrobe Doll Set For Girls, Doll Toy For Kids", "pic": "products/Accessories1_7Dm9nfu.jpg", "price": "489.00", "is_active": true, "is_discount": false, "discount": 0, "qty": 2, "created_at": "2021-09-19"}}, {"model": "product.product", "pk": 517, "fields": {"name": "OnePlus 108 cm ", "slug": "oneplus-108-cm", "category": 5, "description": "OnePlus 108 cm (43 inches) Y Series Full HD LED Smart Android TV 43Y1 (Black) (2020 Model)", "pic": "products/TV_and_Audio0_kjiEbsF.jpg", "price": "29499.00", "is_active": true, "is_discount": false, "discount": 0, "qty": 2, "created_at": "2021-09-19"}}, {"model": "product.product", "pk": 518, "fields": {"name": "Sumito SMT-F220X Double IC High Power Single Din Universal Fit Mp3 Car Stereo with Dual USB/Bluetooth/FM Radio/Aux Input & Remote Control", "slug": "sumito-smt-f220x-double-ic-high-power-single-din-universal-fit-mp3-car-stereo-with-dual-usbbluetoothfm-radioaux-input-remote-control", "category": 7, "description": "Sumito SMT-F220X Double IC High Power Single Din Universal Fit Mp3 Car Stereo with Dual USB/Bluetooth/FM Radio/Aux Input & Remote Control", "pic": "products/car_Electronics1_0zuCDsC.jpg", "price": "999.00", "is_active": true, "is_discount": false, "discount": 0, "qty": 2, "created_at": "2021-09-19"}}, {"model": "product.product", "pk": 519, "fields": {"name": "XERGY Solar Power Outdoor Waterproof Dancing Fire Mashaal Flame/Torch Lights with 96 LED Lantern Landscape Decoration Lighting Dusk to Dawn Auto On/", "slug": "xergy-solar-power-outdoor-waterproof-dancing-fire-mashaal-flametorch-lights-with-96-led-lantern-landscape-decoration-lighting-dusk-to-dawn-auto-on", "category": 6, "description": "XERGY Solar Power Outdoor Waterproof Dancing Fire Mashaal Flame/Torch Lights with 96 LED Lantern Landscape Decoration Lighting Dusk to Dawn Auto On/", "pic": "products/Gadgets0_S5Uolu3.jpg", "price": "1099.00", "is_active": true, "is_discount": false, "discount": 0, "qty": 2, "created_at": "2021-09-19"}}, {"model": "product.product", "pk": 520, "fields": {"name": "Samsung Galaxy S21 Plus", "slug": "samsung-galaxy-s21-plus", "category": 4, "description": "Samsung Galaxy S21 Plus(Phantom Violet, 8GB RAM, 128GB Storage) without Offers", "pic": "products/smartphones_and_Tablets0_gIHbL3T.jpg", "price": "70750.00", "is_active": true, "is_discount": false, "discount": 0, "qty": 2, "created_at": "2021-09-19"}}, {"model": "product.product", "pk": 521, "fields": {"name": "Vu 139 cm ", "slug": "vu-139-cm", "category": 5, "description": "Vu 139 cm (55 inches) 4K Ultra HD Smart Android LED TV 55UT (Black) (2020 Model) | With 5-Hotkeys", "pic": "products/TV_and_Audio1_WJ7qSIt.jpg", "price": "43999.00", "is_active": true, "is_discount": false, "discount": 0, "qty": 2, "created_at": "2021-09-19"}}, {"model": "product.product", "pk": 522, "fields": {"name": "Sony PS4 1TB Slim Console Bundled with Spider-Man/Grand Tourist Sport/ Ratchet & Clank ", "slug": "sony-ps4-1tb-slim-console-bundled-with-spider-mangrand-tourist-sport-ratchet-clank", "category": 8, "description": "Sony PS4 1TB Slim Console Bundled with Spider-Man/Grand Tourist Sport/ Ratchet & Clank (3 Months PlayStation Network Subscription)", "pic": "products/Video_and_and_consoles1_NDJ6wEA.jpg", "price": "29990.00", "is_active": true, "is_discount": false, "discount": 0, "qty": 2, "created_at": "2021-09-19"}}, {"model": "product.product", "pk": 523, "fields": {"name": "Portronics Portable RuffPad Re-Writeable 21.59Cm ", "slug": "portronics-portable-ruffpad-re-writeable-2159cm", "category": 6, "description": "Portronics Portable RuffPad Re-Writeable 21.59Cm (8.5-inch) LCD POR-628 with 4 Magnet, Stylus Drawing Handwriting Board, Black", "pic": "products/Gadgets1_YfJ50ad.jpg", "price": "389.00", "is_active": true, "is_discount": false, "discount": 0, "qty": 2, "created_at": "2021-09-19"}}, {"model": "product.product", "pk": 524, "fields": {"name": "Car Audio Tweeter 120Watts ROUND 90 degree - Piezoelectric ", "slug": "car-audio-tweeter-120watts-round-90-degree-piezoelectric", "category": 7, "description": "Car Audio Tweeter 120Watts ROUND 90 degree - Piezoelectric (Pack of 2) - DAPIC (original)", "pic": "products/car_Electronics2_NK8qNFc.jpg", "price": "250.00", "is_active": true, "is_discount": false, "discount": 0, "qty": 2, "created_at": "2021-09-19"}}, {"model": "product.product", "pk": 525, "fields": {"name": "GoPro Hero 8 Hypersmooth Streamlined 4k Action Camera - Black with 2 Year Warranty", "slug": "gopro-hero-8-hypersmooth-streamlined-4k-action-camera-black-with-2-year-warranty", "category": 2, "description": "GoPro Hero 8 Hypersmooth Streamlined 4k Action Camera - Black with 2 Year Warranty", "pic": "products/Cameras_and_Photos1_Hxsgdla.jpg", "price": "28999.00", "is_active": true, "is_discount": false, "discount": 0, "qty": 2, "created_at": "2021-09-19"}}, {"model": "product.product", "pk": 526, "fields": {"name": "OnePlus Nord CE 5G ", "slug": "oneplus-nord-ce-5g", "category": 4, "description": "OnePlus Nord CE 5G (Charcoal Ink, 8GB RAM, 128GB Storage)", "pic": "products/smartphones_and_Tablets1_0z1ae6y.jpg", "price": "24999.00", "is_active": true, "is_discount": false, "discount": 0, "qty": 2, "created_at": "2021-09-19"}}, {"model": "product.product", "pk": 527, "fields": {"name": "Mi 108 cm ", "slug": "mi-108-cm", "category": 5, "description": "Mi 108 cm (43 inches) Horizon Edition Full HD Android LED TV 4A|L43M6-EI (Black)", "pic": "products/TV_and_Audio2_ugIIUif.jpg", "price": "27999.00", "is_active": true, "is_discount": false, "discount": 0, "qty": 2, "created_at": "2021-09-19"}}, {"model": "product.product", "pk": 528, "fields": {"name": "Sony Playstation Classic Console Holiday 20 Games Bonus Bundle", "slug": "sony-playstation-classic-console-holiday-20-games-bonus-bundle", "category": 8, "description": "Sony Playstation Classic Console Holiday 20 Games Bonus Bundle", "pic": "products/Video_and_and_consoles2_GovQXCW.jpg", "price": "9380.00", "is_active": true, "is_discount": false, "discount": 0, "qty": 2, "created_at": "2021-09-19"}}, {"model": "product.product", "pk": 529, "fields": {"name": "Hamaan HMF-5125PM Car FM Stereo mp3 Player USB/SD", "slug": "hamaan-hmf-5125pm-car-fm-stereo-mp3-player-usbsd", "category": 7, "description": "Hamaan HMF-5125PM Car FM Stereo mp3 Player USB/SD", "pic": "products/car_Electronics3_TP9F0Tx.jpg", "price": "1799.00", "is_active": true, "is_discount": false, "discount": 0, "qty": 2, "created_at": "2021-09-19"}}, {"model": "product.product", "pk": 530, "fields": {"name": "Dell G15 Gaming Laptop - w/ 10th gen Intel Core - 15.6\" FHD Screen - 8GB - 512G", "slug": "dell-g15-gaming-laptop-w-10th-gen-intel-core-156-fhd-screen-8gb-512g", "category": 1, "description": "Dell G15 Gaming Laptop - w/ 10th gen Intel Core - 15.6\" FHD Screen - 8GB - 512G", "pic": "products/Computer_and_Laptops0_cEDwjH2.jpg", "price": "71989.98", "is_active": true, "is_discount": false, "discount": 0, "qty": 2, "created_at": "2021-09-19"}}, {"model": "product.product", "pk": 531, "fields": {"name": "Sony Alpha ILCE-7M3 Full-Frame 24.2MP Mirrorless Camera Body ", "slug": "sony-alpha-ilce-7m3-full-frame-242mp-mirrorless-camera-body", "category": 2, "description": "Sony Alpha ILCE-7M3 Full-Frame 24.2MP Mirrorless Camera Body (4K Full Frame, Real-Time Eye Auto Focus, 4K Vlogging Camera, Tiltable LCD, Low Light Cam", "pic": "products/Cameras_and_Photos2_KCtYLb4.jpg", "price": "147999.00", "is_active": true, "is_discount": false, "discount": 0, "qty": 2, "created_at": "2021-09-19"}}, {"model": "product.product", "pk": 532, "fields": {"name": "Redmi Note 10S ", "slug": "redmi-note-10s", "category": 4, "description": "Redmi Note 10S (Frost White, 6GB RAM, 64GB Storage) - Super Amoled Display | 64 MP Quad Camera | Alexa Built in", "pic": "products/smartphones_and_Tablets2_KFOIfLh.jpg", "price": "14999.00", "is_active": true, "is_discount": false, "discount": 0, "qty": 2, "created_at": "2021-09-19"}}, {"model": "product.product", "pk": 533, "fields": {"name": "Mi 138.8 cm ", "slug": "mi-1388-cm", "category": 5, "description": "Mi 138.8 cm (55 Inches) 4K Ultra HD Android Smart LED TV 4X|L55M5-5XIN (Black)", "pic": "products/TV_and_Audio3_ut3mk7r.jpg", "price": "44999.00", "is_active": true, "is_discount": false, "discount": 0, "qty": 2, "created_at": "2021-09-19"}}, {"model": "product.product", "pk": 534, "fields": {"name": "Inditradition 60X Zoom Pocket Microscope Magnifier | for Currency, Jewellery, with LED & UV Light ", "slug": "inditradition-60x-zoom-pocket-microscope-magnifier-for-currency-jewellery-with-led-uv-light", "category": 6, "description": "Inditradition 60X Zoom Pocket Microscope Magnifier | for Currency, Jewellery, with LED & UV Light (Grey)", "pic": "products/Gadgets3_VEPDnHk.jpg", "price": "249.00", "is_active": true, "is_discount": false, "discount": 0, "qty": 2, "created_at": "2021-09-19"}}, {"model": "product.product", "pk": 535, "fields": {"name": "Sony PS4 Console, 1TB Slim with 3 Games: Gran Turismo Sport, Ratchet & Clank, Horizon Zero Dawn, PS Plus 3 Month Voucher Inside the Box", "slug": "sony-ps4-console-1tb-slim-with-3-games-gran-turismo-sport-ratchet-clank-horizon-zero-dawn-ps-plus-3-month-voucher-inside-the-box", "category": 8, "description": "Sony PS4 Console, 1TB Slim with 3 Games: Gran Turismo Sport, Ratchet & Clank, Horizon Zero Dawn, PS Plus 3 Month Voucher Inside the Box", "pic": "products/Video_and_and_consoles3_aLq1B10.jpg", "price": "29990.00", "is_active": true, "is_discount": false, "discount": 0, "qty": 2, "created_at": "2021-09-19"}}, {"model": "product.product", "pk": 536, "fields": {"name": "NEXT GEEK 300 watt Piezo Tweeter Speaker for Car and Home Amplifier ", "slug": "next-geek-300-watt-piezo-tweeter-speaker-for-car-and-home-amplifier", "category": 7, "description": "NEXT GEEK 300 watt Piezo Tweeter Speaker for Car and Home Amplifier (Pack of 2)", "pic": "products/car_Electronics4_IHZ4HBy.jpg", "price": "500.00", "is_active": true, "is_discount": false, "discount": 0, "qty": 2, "created_at": "2021-09-19"}}, {"model": "product.product", "pk": 537, "fields": {"name": "HP 15s-dr3001TU ", "slug": "hp-15s-dr3001tu", "category": 1, "description": "HP 15s-dr3001TU (34W43PA#ACJ) Core i3 11th Gen Windows 10 Home Thin and Light Laptop (8GB RAM, 1TB HDD, Intel UHD Graphics, 39.6cm, Natural Silver)", "pic": "products/Computer_and_Laptops1_kSsVJcH.jpg", "price": "44990.00", "is_active": true, "is_discount": false, "discount": 0, "qty": 2, "created_at": "2021-09-19"}}, {"model": "product.product", "pk": 538, "fields": {"name": "FUJIFILM GFX 100 Medium Format Mirrorless Camera ", "slug": "fujifilm-gfx-100-medium-format-mirrorless-camera", "category": 2, "description": "FUJIFILM GFX 100 Medium Format Mirrorless Camera (Body Only)", "pic": "products/Cameras_and_Photos3_BHGUDY1.jpg", "price": "732000.00", "is_active": true, "is_discount": false, "discount": 0, "qty": 2, "created_at": "2021-09-19"}}, {"model": "product.product", "pk": 539, "fields": {"name": "Redmi 9 Power ", "slug": "redmi-9-power", "category": 4, "description": "Redmi 9 Power (Mighty Black 4GB RAM 64GB Storage) - 6000mAh Battery |FHD+ Screen | 48MP Quad Camera | Alexa Hands-Free Capable", "pic": "products/smartphones_and_Tablets3_8ax0UbD.jpg", "price": "11499.00", "is_active": true, "is_discount": false, "discount": 0, "qty": 2, "created_at": "2021-09-19"}}, {"model": "product.product", "pk": 540, "fields": {"name": "Mi 80 cm ", "slug": "mi-80-cm", "category": 5, "description": "Mi 80 cm (32 inches) HD Ready Android Smart LED TV 4A PRO | L32M5-AL (Black)", "pic": "products/TV_and_Audio4_3FR5cyH.jpg", "price": "16999.00", "is_active": true, "is_discount": false, "discount": 0, "qty": 2, "created_at": "2021-09-19"}}, {"model": "product.product", "pk": 541, "fields": {"name": "Nintendo - Version 2 Switch with Joy-Con - Version 2 - HAC-001", "slug": "nintendo-version-2-switch-with-joy-con-version-2-hac-001", "category": 8, "description": "Nintendo - Version 2 Switch with Joy-Con - Version 2 - HAC-001(-01), Neon Red and Neon Blue", "pic": "products/Video_and_and_consoles4_oCOyaat.jpg", "price": "32340.00", "is_active": true, "is_discount": false, "discount": 0, "qty": 2, "created_at": "2021-09-19"}}, {"model": "product.product", "pk": 542, "fields": {"name": "OPPO A31 ", "slug": "oppo-a31", "category": 4, "description": "OPPO A31 (Fantasy White, 6GB RAM, 128GB Storage) with No Cost EMI/Additional Exchange Offers", "pic": "products/smartphones_and_Tablets4_6W0ihR2.jpg", "price": "12990.00", "is_active": true, "is_discount": false, "discount": 0, "qty": 2, "created_at": "2021-09-19"}}, {"model": "product.product", "pk": 543, "fields": {"name": "HP 15 Thin & Light 15.6\" ", "slug": "hp-15-thin-light-156", "category": 1, "description": "HP 15 Thin & Light 15.6\" (39.62cms) FHD Laptop (11th Gen Intel Core i5-1135G7, 8GB DDR4, 256GB SSD + 1TB HDD, Win 10 Home, MS Office, 2GB MX350", "pic": "products/Computer_and_Laptops2_A4Bc4u3.jpg", "price": "71299.00", "is_active": true, "is_discount": false, "discount": 0, "qty": 2, "created_at": "2021-09-19"}}, {"model": "product.product", "pk": 544, "fields": {"name": "RedmiBook 15 e-Learning Edition i3 11th Gen + UHD Graphics 8GB RAM + 512GB SSD Charcoal Gray", "slug": "redmibook-15-e-learning-edition-i3-11th-gen-uhd-graphics-8gb-ram-512gb-ssd-charcoal-gray", "category": 1, "description": "RedmiBook 15 e-Learning Edition i3 11th Gen + UHD Graphics 8GB RAM + 512GB SSD Charcoal Gray", "pic": "products/Computer_and_Laptops3_vlFo06Y.jpg", "price": "44999.00", "is_active": true, "is_discount": false, "discount": 0, "qty": 2, "created_at": "2021-09-19"}}, {"model": "product.product", "pk": 545, "fields": {"name": "HP 14 Ryzen 5 5500U 14-inch", "slug": "hp-14-ryzen-5-5500u-14-inch", "category": 1, "description": "HP 14 Ryzen 5 5500U 14-inch(35.6 cm) FHD Laptop with Alexa Built-in(8GB/512GB SSD/Windows 10/MS Office/Natural Silver/1.46Kg), 14s-fq1030AU", "pic": "products/Computer_and_Laptops4_1EcYUAv.jpg", "price": "51390.00", "is_active": true, "is_discount": false, "discount": 0, "qty": 2, "created_at": "2021-09-19"}}, {"model": "cart.cart", "pk": 4, "fields": {"user": 1, "ordered": true, "created_at": "2021-08-06"}}, {"model": "cart.cart", "pk": 5, "fields": {"user": 2, "ordered": false, "created_at": "2021-08-06"}}, {"model": "cart.cart", "pk": 6, "fields": {"user": 1, "ordered": true, "created_at": "2021-08-10"}}, {"model": "cart.cart", "pk": 7, "fields": {"user": 1, "ordered": false, "created_at": "2021-08-10"}}, {"model": "cart.productincart", "pk": 8, "fields": {"cart": 4, "product": 475, "ordered": true, "qty": 2, "created_at": "2021-08-06"}}, {"model": "cart.productincart", "pk": 9, "fields": {"cart": 4, "product": 474, "ordered": true, "qty": 1, "created_at": "2021-08-06"}}, {"model": "cart.productincart", "pk": 10, "fields": {"cart": 5, "product": 474, "ordered": false, "qty": 1, "created_at": "2021-08-06"}}, {"model": "cart.productincart", "pk": 11, "fields": {"cart": 4, "product": 491, "ordered": true, "qty": 1, "created_at": "2021-08-06"}}, {"model": "cart.productincart", "pk": 12, "fields": {"cart": 4, "product": 466, "ordered": true, "qty": 1, "created_at": "2021-08-06"}}, {"model": "cart.productincart", "pk": 13, "fields": {"cart": 4, "product": 500, "ordered": true, "qty": 1, "created_at": "2021-08-09"}}, {"model": "cart.productincart", "pk": 14, "fields": {"cart": 6, "product": 467, "ordered": true, "qty": 2, "created_at": "2021-08-10"}}, {"model": "cart.productincart", "pk": 15, "fields": {"cart": 6, "product": 468, "ordered": true, "qty": 8, "created_at": "2021-08-10"}}, {"model": "cart.productincart", "pk": 16, "fields": {"cart": 7, "product": 466, "ordered": false, "qty": 3, "created_at": "2021-08-10"}}, {"model": "cart.productincart", "pk": 17, "fields": {"cart": 7, "product": 467, "ordered": false, "qty": 1, "created_at": "2021-08-10"}}]